tienda,sku,stock_actual,stock_seguridad_actual,stock_en_transito,fecha_ultima_reposicion
TIENDA001,HM000084,18,16,16,2024-01-06
TIENDA001,HM000054,54,23,20,2023-12-30
TIENDA001,HM000071,62,17,26,2024-01-03
TIENDA001,HM000046,7,14,23,2024-01-05
TIENDA001,HM000045,77,21,12,2023-12-29
TIENDA001,HM000040,2,21,20,2023-12-22
TIENDA001,HM000023,4,16,32,2023-12-18
TIENDA001,HM000081,39,30,3,2024-01-12
TIENDA001,HM000011,18,21,47,2024-01-08
TIENDA001,HM000001,68,15,22,2024-01-03
TIENDA001,HM000019,81,18,31,2024-01-05
TIENDA001,HM000031,64,15,33,2024-01-14
TIENDA001,HM000074,82,18,10,2023-12-30
TIENDA001,HM000034,64,17,19,2024-01-11
TIENDA001,HM000091,24,26,20,2023-12-24
TIENDA001,HM000005,57,32,39,2024-01-09
TIENDA001,HM000077,29,21,24,2024-01-07
TIENDA001,HM000078,7,21,35,2024-01-07
TIENDA001,HM000013,67,21,34,2023-12-24
TIENDA001,HM000032,27,17,22,2023-12-20
TIENDA001,HM000056,46,17,44,2023-12-23
TIENDA001,HM000089,56,21,16,2023-12-26
TIENDA001,HM000027,70,19,33,2023-12-30
TIENDA001,HM000043,49,24,25,2023-12-29
TIENDA001,HM000070,46,18,39,2023-12-23
TIENDA001,HM000016,53,26,9,2023-12-27
TIENDA001,HM000041,2,16,18,2023-12-20
TIENDA001,HM000097,41,21,35,2023-12-30
TIENDA001,HM000010,16,18,26,2024-01-03
TIENDA001,HM000073,3,17,8,2023-12-20
TIENDA001,HM000012,1,13,34,2024-01-14
TIENDA001,HM000048,58,16,26,2024-01-12
TIENDA001,HM000086,4,21,21,2024-01-13
TIENDA001,HM000029,56,15,34,2024-01-04
TIENDA001,HM000094,68,20,19,2024-01-08
TIENDA001,HM000006,57,18,42,2023-12-29
TIENDA001,HM000067,48,20,38,2023-12-19
TIENDA001,HM000066,3,28,44,2024-01-05
TIENDA001,HM000036,94,15,16,2024-01-05
TIENDA001,HM000017,78,30,43,2024-01-11
TIENDA001,HM000050,33,18,6,2023-12-31
TIENDA001,HM000035,14,24,1,2024-01-04
TIENDA001,HM000008,97,20,35,2023-12-17
TIENDA001,HM000096,50,26,25,2024-01-03
TIENDA001,HM000028,90,22,38,2024-01-12
TIENDA001,HM000020,48,23,19,2024-01-04
TIENDA001,HM000082,42,22,1,2023-12-17
TIENDA001,HM000026,70,17,28,2023-12-17
TIENDA001,HM000063,47,14,6,2023-12-27
TIENDA001,HM000014,72,19,46,2023-12-31
TIENDA001,HM000025,90,15,46,2024-01-07
TIENDA001,HM000004,34,22,47,2024-01-11
TIENDA001,HM000018,92,20,10,2024-01-13
TIENDA001,HM000039,50,20,47,2024-01-12
TIENDA001,HM000009,42,20,41,2023-12-22
TIENDA001,HM000079,18,19,13,2024-01-14
TIENDA001,HM000007,15,16,26,2024-01-01
TIENDA001,HM000065,61,21,20,2023-12-28
TIENDA001,HM000037,80,23,49,2023-12-30
TIENDA001,HM000090,52,12,18,2023-12-30
TIENDA001,HM000057,15,25,46,2023-12-31
TIENDA001,HM000100,68,24,45,2023-12-30
TIENDA001,HM000055,90,16,22,2024-01-06
TIENDA001,HM000044,83,15,2,2023-12-24
TIENDA001,HM000051,79,16,30,2024-01-14
TIENDA001,HM000068,83,19,31,2023-12-28
TIENDA001,HM000047,37,19,17,2024-01-01
TIENDA001,HM000069,78,25,42,2023-12-24
TIENDA001,HM000062,91,21,39,2024-01-03
TIENDA001,HM000098,0,25,37,2024-01-08
TIENDA001,HM000080,15,27,23,2024-01-14
TIENDA001,HM000042,15,22,33,2024-01-03
TIENDA001,HM000059,92,23,31,2023-12-21
TIENDA001,HM000049,79,18,31,2023-12-28
TIENDA001,HM000099,47,23,21,2023-12-20
TIENDA001,HM000058,47,18,14,2023-12-22
TIENDA001,HM000076,82,26,12,2024-01-08
TIENDA001,HM000033,73,12,0,2023-12-21
TIENDA001,HM000095,69,27,38,2023-12-21
TIENDA001,HM000060,72,23,13,2023-12-28
TIENDA001,HM000064,91,25,27,2024-01-03
TIENDA001,HM000085,71,14,49,2024-01-05
TIENDA001,HM000038,21,22,36,2023-12-22
TIENDA001,HM000030,25,24,47,2024-01-03
TIENDA001,HM000002,86,23,30,2023-12-22
TIENDA001,HM000053,18,13,32,2024-01-09
TIENDA001,HM000022,88,20,31,2023-12-30
TIENDA001,HM000003,87,18,22,2024-01-07
TIENDA001,HM000024,19,21,32,2023-12-25
TIENDA001,HM000088,10,19,39,2023-12-31
TIENDA001,HM000092,63,21,38,2023-12-24
TIENDA001,HM000075,54,21,45,2023-12-27
TIENDA001,HM000087,95,20,48,2023-12-20
TIENDA001,HM000083,93,20,14,2023-12-27
TIENDA001,HM000021,34,24,46,2023-12-24
TIENDA001,HM000061,30,11,10,2024-01-12
TIENDA001,HM000072,20,12,49,2024-01-04
TIENDA001,HM000015,47,24,20,2023-12-22
TIENDA001,HM000093,96,14,39,2023-12-24
TIENDA001,HM000052,50,10,7,2023-12-26
TIENDA002,HM000084,42,21,19,2023-12-24
TIENDA002,HM000054,29,27,40,2024-01-03
TIENDA002,HM000071,98,22,24,2023-12-22
TIENDA002,HM000046,82,20,39,2024-01-11
TIENDA002,HM000045,59,10,18,2023-12-18
TIENDA002,HM000040,52,11,22,2023-12-26
TIENDA002,HM000023,57,19,25,2023-12-27
TIENDA002,HM000081,83,23,7,2024-01-13
TIENDA002,HM000011,49,17,1,2023-12-31
TIENDA002,HM000001,12,17,39,2024-01-02
TIENDA002,HM000019,4,16,25,2024-01-01
TIENDA002,HM000031,30,27,14,2024-01-14
TIENDA002,HM000074,37,21,9,2023-12-19
TIENDA002,HM000034,1,15,33,2024-01-07
TIENDA002,HM000091,74,23,14,2023-12-28
TIENDA002,HM000005,80,22,11,2024-01-08
TIENDA002,HM000077,93,23,34,2023-12-21
TIENDA002,HM000078,0,24,25,2024-01-10
TIENDA002,HM000013,38,22,46,2024-01-03
TIENDA002,HM000032,65,16,2,2023-12-31
TIENDA002,HM000056,20,21,16,2024-01-04
TIENDA002,HM000089,99,18,43,2024-01-09
TIENDA002,HM000027,79,11,10,2024-01-01
TIENDA002,HM000043,74,18,10,2024-01-10
TIENDA002,HM000070,95,31,30,2024-01-03
TIENDA002,HM000016,23,16,48,2024-01-04
TIENDA002,HM000041,32,24,6,2024-01-13
TIENDA002,HM000097,50,20,3,2024-01-04
TIENDA002,HM000010,93,27,14,2024-01-12
TIENDA002,HM000073,59,18,21,2023-12-24
TIENDA002,HM000012,39,11,4,2024-01-14
TIENDA002,HM000048,7,14,36,2024-01-07
TIENDA002,HM000086,29,17,4,2023-12-18
TIENDA002,HM000029,25,23,9,2024-01-08
TIENDA002,HM000094,80,19,30,2024-01-13
TIENDA002,HM000006,24,15,29,2023-12-24
TIENDA002,HM000067,17,21,49,2023-12-19
TIENDA002,HM000066,46,18,29,2024-01-02
TIENDA002,HM000036,39,26,10,2024-01-11
TIENDA002,HM000017,32,19,26,2024-01-14
TIENDA002,HM000050,18,16,11,2024-01-09
TIENDA002,HM000035,82,20,23,2024-01-13
TIENDA002,HM000008,3,22,15,2023-12-19
TIENDA002,HM000096,16,22,2,2024-01-08
TIENDA002,HM000028,97,24,45,2023-12-31
TIENDA002,HM000020,39,21,1,2024-01-02
TIENDA002,HM000082,61,18,49,2024-01-09
TIENDA002,HM000026,15,19,35,2024-01-03
TIENDA002,HM000063,43,20,48,2023-12-20
TIENDA002,HM000014,66,26,47,2023-12-28
TIENDA002,HM000025,95,28,6,2024-01-05
TIENDA002,HM000004,17,24,1,2024-01-08
TIENDA002,HM000018,13,12,18,2024-01-09
TIENDA002,HM000039,15,16,2,2023-12-28
TIENDA002,HM000009,97,19,12,2023-12-31
TIENDA002,HM000079,38,21,25,2023-12-26
TIENDA002,HM000007,72,23,32,2024-01-08
TIENDA002,HM000065,54,21,37,2024-01-04
TIENDA002,HM000037,29,25,40,2023-12-17
TIENDA002,HM000090,7,22,17,2023-12-26
TIENDA002,HM000057,92,20,12,2023-12-17
TIENDA002,HM000100,19,18,6,2023-12-28
TIENDA002,HM000055,67,14,27,2024-01-01
TIENDA002,HM000044,87,19,48,2024-01-02
TIENDA002,HM000051,37,20,9,2023-12-30
TIENDA002,HM000068,43,30,14,2024-01-06
TIENDA002,HM000047,62,24,32,2023-12-24
TIENDA002,HM000069,61,21,45,2023-12-26
TIENDA002,HM000062,30,15,44,2023-12-21
TIENDA002,HM000098,6,22,7,2023-12-29
TIENDA002,HM000080,67,20,3,2023-12-17
TIENDA002,HM000042,37,10,30,2024-01-08
TIENDA002,HM000059,89,23,2,2023-12-25
TIENDA002,HM000049,0,17,38,2024-01-03
TIENDA002,HM000099,68,22,14,2023-12-29
TIENDA002,HM000058,62,20,30,2024-01-01
TIENDA002,HM000076,50,22,11,2023-12-27
TIENDA002,HM000033,72,26,49,2024-01-09
TIENDA002,HM000095,48,14,21,2024-01-05
TIENDA002,HM000060,24,19,46,2024-01-14
TIENDA002,HM000064,50,30,33,2024-01-05
TIENDA002,HM000085,22,20,4,2023-12-23
TIENDA002,HM000038,35,24,2,2024-01-12
TIENDA002,HM000030,93,20,22,2024-01-07
TIENDA002,HM000002,86,20,25,2023-12-22
TIENDA002,HM000053,25,22,34,2023-12-24
TIENDA002,HM000022,58,20,8,2024-01-05
TIENDA002,HM000003,2,21,13,2024-01-06
TIENDA002,HM000024,30,13,23,2024-01-11
TIENDA002,HM000088,72,14,10,2024-01-10
TIENDA002,HM000092,65,18,36,2024-01-10
TIENDA002,HM000075,31,19,49,2023-12-20
TIENDA002,HM000087,17,18,40,2024-01-01
TIENDA002,HM000083,50,15,9,2024-01-03
TIENDA002,HM000021,73,21,48,2023-12-29
TIENDA002,HM000061,54,19,36,2023-12-18
TIENDA002,HM000072,73,19,12,2023-12-25
TIENDA002,HM000015,31,13,18,2024-01-14
TIENDA002,HM000093,17,24,27,2023-12-30
TIENDA002,HM000052,58,15,18,2024-01-01
TIENDA003,HM000084,21,16,0,2023-12-28
TIENDA003,HM000054,58,24,11,2023-12-30
TIENDA003,HM000071,34,16,28,2023-12-31
TIENDA003,HM000046,30,21,25,2024-01-04
TIENDA003,HM000045,6,26,22,2023-12-29
TIENDA003,HM000040,2,19,8,2023-12-17
TIENDA003,HM000023,70,16,47,2023-12-29
TIENDA003,HM000081,77,17,44,2023-12-27
TIENDA003,HM000011,7,19,13,2024-01-07
TIENDA003,HM000001,1,24,0,2024-01-14
TIENDA003,HM000019,1,31,17,2023-12-22
TIENDA003,HM000031,77,20,41,2024-01-02
TIENDA003,HM000074,52,16,5,2024-01-08
TIENDA003,HM000034,18,24,41,2023-12-23
TIENDA003,HM000091,17,22,10,2024-01-14
TIENDA003,HM000005,5,24,47,2023-12-28
TIENDA003,HM000077,67,17,27,2024-01-04
TIENDA003,HM000078,36,19,19,2023-12-20
TIENDA003,HM000013,2,18,36,2024-01-07
TIENDA003,HM000032,75,18,34,2024-01-01
TIENDA003,HM000056,64,21,26,2023-12-26
TIENDA003,HM000089,99,12,19,2023-12-20
TIENDA003,HM000027,83,29,0,2023-12-22
TIENDA003,HM000043,68,16,31,2024-01-04
TIENDA003,HM000070,9,17,34,2023-12-21
TIENDA003,HM000016,11,17,45,2023-12-29
TIENDA003,HM000041,94,30,0,2024-01-12
TIENDA003,HM000097,97,19,12,2023-12-22
TIENDA003,HM000010,47,20,18,2024-01-06
TIENDA003,HM000073,39,11,13,2023-12-21
TIENDA003,HM000012,89,21,23,2023-12-27
TIENDA003,HM000048,51,22,46,2023-12-30
TIENDA003,HM000086,69,19,10,2024-01-13
TIENDA003,HM000029,83,15,33,2024-01-02
TIENDA003,HM000094,90,19,12,2023-12-31
TIENDA003,HM000006,75,19,9,2023-12-27
TIENDA003,HM000067,40,24,4,2023-12-20
TIENDA003,HM000066,46,21,10,2024-01-06
TIENDA003,HM000036,4,21,12,2023-12-30
TIENDA003,HM000017,42,17,22,2023-12-20
TIENDA003,HM000050,40,17,20,2023-12-29
TIENDA003,HM000035,53,18,46,2024-01-03
TIENDA003,HM000008,39,13,36,2023-12-17
TIENDA003,HM000096,87,20,4,2023-12-29
TIENDA003,HM000028,47,18,19,2023-12-27
TIENDA003,HM000020,26,19,12,2023-12-17
TIENDA003,HM000082,32,13,36,2024-01-03
TIENDA003,HM000026,6,21,39,2024-01-02
TIENDA003,HM000063,55,19,45,2024-01-14
TIENDA003,HM000014,49,14,40,2023-12-23
TIENDA003,HM000025,4,21,41,2024-01-04
TIENDA003,HM000004,33,19,46,2023-12-24
TIENDA003,HM000018,87,19,6,2024-01-09
TIENDA003,HM000039,93,15,7,2023-12-31
TIENDA003,HM000009,2,24,23,2024-01-02
TIENDA003,HM000079,80,28,34,2024-01-04
TIENDA003,HM000007,13,21,39,2023-12-28
TIENDA003,HM000065,82,14,2,2023-12-20
TIENDA003,HM000037,15,18,39,2024-01-10
TIENDA003,HM000090,82,23,49,2023-12-22
TIENDA003,HM000057,90,20,42,2023-12-29
TIENDA003,HM000100,15,16,19,2023-12-29
TIENDA003,HM000055,4,22,29,2024-01-14
TIENDA003,HM000044,51,15,13,2024-01-10
TIENDA003,HM000051,48,28,30,2024-01-07
TIENDA003,HM000068,7,23,22,2024-01-10
TIENDA003,HM000047,35,16,10,2024-01-07
TIENDA003,HM000069,35,18,8,2024-01-09
TIENDA003,HM000062,38,16,22,2024-01-07
TIENDA003,HM000098,61,13,37,2024-01-06
TIENDA003,HM000080,11,25,38,2023-12-29
TIENDA003,HM000042,60,21,28,2023-12-19
TIENDA003,HM000059,68,26,48,2024-01-14
TIENDA003,HM000049,30,19,20,2024-01-13
TIENDA003,HM000099,32,13,40,2024-01-10
TIENDA003,HM000058,95,14,47,2023-12-18
TIENDA003,HM000076,55,26,46,2023-12-30
TIENDA003,HM000033,61,23,35,2023-12-18
TIENDA003,HM000095,83,21,49,2024-01-14
TIENDA003,HM000060,1,15,29,2024-01-03
TIENDA003,HM000064,81,24,48,2024-01-11
TIENDA003,HM000085,96,31,46,2024-01-04
TIENDA003,HM000038,29,23,40,2023-12-31
TIENDA003,HM000030,53,22,43,2023-12-17
TIENDA003,HM000002,28,22,41,2023-12-21
TIENDA003,HM000053,99,20,4,2024-01-03
TIENDA003,HM000022,94,18,18,2023-12-22
TIENDA003,HM000003,12,22,41,2024-01-14
TIENDA003,HM000024,83,18,26,2024-01-06
TIENDA003,HM000088,8,17,13,2023-12-21
TIENDA003,HM000092,2,27,43,2024-01-12
TIENDA003,HM000075,45,15,43,2023-12-30
TIENDA003,HM000087,77,21,29,2024-01-06
TIENDA003,HM000083,22,22,10,2024-01-04
TIENDA003,HM000021,29,20,9,2024-01-01
TIENDA003,HM000061,24,24,34,2024-01-14
TIENDA003,HM000072,36,12,26,2024-01-10
TIENDA003,HM000015,81,19,13,2024-01-09
TIENDA003,HM000093,81,24,23,2024-01-01
TIENDA003,HM000052,98,19,14,2024-01-14
TIENDA004,HM000084,90,21,7,2023-12-25
TIENDA004,HM000054,28,23,35,2024-01-13
TIENDA004,HM000071,37,22,12,2024-01-07
TIENDA004,HM000046,86,23,3,2024-01-04
TIENDA004,HM000045,28,21,20,2024-01-09
TIENDA004,HM000040,14,28,25,2023-12-30
TIENDA004,HM000023,87,20,21,2024-01-10
TIENDA004,HM000081,71,17,13,2024-01-02
TIENDA004,HM000011,53,25,47,2023-12-26
TIENDA004,HM000001,70,24,0,2023-12-18
TIENDA004,HM000019,22,22,14,2024-01-02
TIENDA004,HM000031,39,26,18,2023-12-20
TIENDA004,HM000074,95,21,30,2024-01-10
TIENDA004,HM000034,21,22,24,2023-12-23
TIENDA004,HM000091,9,22,17,2024-01-12
TIENDA004,HM000005,15,16,0,2024-01-03
TIENDA004,HM000077,85,12,24,2023-12-24
TIENDA004,HM000078,41,20,18,2024-01-03
TIENDA004,HM000013,50,25,1,2023-12-17
TIENDA004,HM000032,40,13,31,2024-01-09
TIENDA004,HM000056,18,17,49,2024-01-09
TIENDA004,HM000089,36,25,45,2024-01-13
TIENDA004,HM000027,89,21,39,2023-12-20
TIENDA004,HM000043,22,22,42,2023-12-19
TIENDA004,HM000070,52,30,43,2024-01-14
TIENDA004,HM000016,1,23,29,2024-01-03
TIENDA004,HM000041,44,16,8,2023-12-17
TIENDA004,HM000097,24,30,46,2023-12-29
TIENDA004,HM000010,72,28,2,2023-12-30
TIENDA004,HM000073,33,20,23,2024-01-14
TIENDA004,HM000012,81,21,47,2024-01-08
TIENDA004,HM000048,67,24,30,2023-12-18
TIENDA004,HM000086,58,19,14,2024-01-06
TIENDA004,HM000029,21,30,21,2023-12-31
TIENDA004,HM000094,73,25,34,2023-12-28
TIENDA004,HM000006,91,24,24,2023-12-25
TIENDA004,HM000067,18,15,46,2023-12-26
TIENDA004,HM000066,10,26,8,2023-12-17
TIENDA004,HM000036,1,21,11,2024-01-14
TIENDA004,HM000017,47,20,12,2023-12-18
TIENDA004,HM000050,87,28,38,2024-01-13
TIENDA004,HM000035,63,20,45,2024-01-09
TIENDA004,HM000008,71,17,28,2024-01-09
TIENDA004,HM000096,8,28,18,2024-01-13
TIENDA004,HM000028,3,26,41,2023-12-28
TIENDA004,HM000020,73,19,1,2024-01-02
TIENDA004,HM000082,41,27,29,2024-01-01
TIENDA004,HM000026,46,24,46,2023-12-23
TIENDA004,HM000063,85,18,48,2023-12-28
TIENDA004,HM000014,82,22,15,2023-12-30
TIENDA004,HM000025,37,15,20,2023-12-27
TIENDA004,HM000004,37,19,24,2024-01-03
TIENDA004,HM000018,97,25,20,2023-12-20
TIENDA004,HM000039,25,24,27,2024-01-09
TIENDA004,HM000009,76,18,29,2024-01-07
TIENDA004,HM000079,41,19,26,2023-12-19
TIENDA004,HM000007,63,17,35,2024-01-01
TIENDA004,HM000065,57,18,33,2023-12-22
TIENDA004,HM000037,65,20,26,2023-12-24
TIENDA004,HM000090,88,22,49,2024-01-07
TIENDA004,HM000057,83,23,14,2023-12-21
TIENDA004,HM000100,90,14,30,2024-01-03
TIENDA004,HM000055,94,22,18,2024-01-08
TIENDA004,HM000044,87,23,40,2024-01-08
TIENDA004,HM000051,61,19,6,2023-12-28
TIENDA004,HM000068,73,22,18,2024-01-12
TIENDA004,HM000047,91,17,49,2023-12-24
TIENDA004,HM000069,91,21,4,2024-01-02
TIENDA004,HM000062,81,23,11,2024-01-06
TIENDA004,HM000098,94,14,10,2023-12-27
TIENDA004,HM000080,99,15,3,2024-01-02
TIENDA004,HM000042,45,17,35,2023-12-25
TIENDA004,HM000059,11,24,38,2023-12-30
TIENDA004,HM000049,23,19,49,2023-12-29
TIENDA004,HM000099,45,20,43,2023-12-22
TIENDA004,HM000058,63,19,31,2024-01-05
TIENDA004,HM000076,53,29,0,2024-01-06
TIENDA004,HM000033,21,20,34,2024-01-03
TIENDA004,HM000095,42,26,4,2023-12-17
TIENDA004,HM000060,70,17,14,2023-12-24
TIENDA004,HM000064,67,19,43,2023-12-24
TIENDA004,HM000085,82,18,31,2024-01-10
TIENDA004,HM000038,19,27,10,2024-01-11
TIENDA004,HM000030,32,13,4,2024-01-03
TIENDA004,HM000002,41,16,1,2023-12-22
TIENDA004,HM000053,63,20,23,2024-01-02
TIENDA004,HM000022,44,21,48,2023-12-17
TIENDA004,HM000003,16,16,41,2023-12-22
TIENDA004,HM000024,34,20,22,2023-12-26
TIENDA004,HM000088,58,14,31,2023-12-29
TIENDA004,HM000092,97,20,27,2023-12-28
TIENDA004,HM000075,55,23,12,2023-12-22
TIENDA004,HM000087,83,22,41,2024-01-04
TIENDA004,HM000083,74,23,15,2024-01-05
TIENDA004,HM000021,99,23,11,2024-01-09
TIENDA004,HM000061,54,14,14,2023-12-27
TIENDA004,HM000072,14,27,31,2024-01-14
TIENDA004,HM000015,22,25,36,2023-12-26
TIENDA004,HM000093,89,18,32,2023-12-29
TIENDA004,HM000052,21,20,26,2024-01-13
TIENDA005,HM000084,1,10,48,2023-12-26
TIENDA005,HM000054,23,22,3,2023-12-22
TIENDA005,HM000071,52,15,20,2023-12-30
TIENDA005,HM000046,23,29,28,2023-12-21
TIENDA005,HM000045,17,20,21,2024-01-03
TIENDA005,HM000040,82,27,34,2023-12-23
TIENDA005,HM000023,77,16,31,2023-12-18
TIENDA005,HM000081,78,25,11,2024-01-03
TIENDA005,HM000011,71,21,30,2023-12-22
TIENDA005,HM000001,17,17,44,2023-12-24
TIENDA005,HM000019,97,28,33,2023-12-31
TIENDA005,HM000031,33,26,49,2024-01-01
TIENDA005,HM000074,56,24,35,2023-12-23
TIENDA005,HM000034,18,24,36,2024-01-07
TIENDA005,HM000091,56,17,7,2023-12-31
TIENDA005,HM000005,19,21,25,2023-12-31
TIENDA005,HM000077,18,18,27,2024-01-01
TIENDA005,HM000078,21,23,15,2024-01-10
TIENDA005,HM000013,5,24,28,2024-01-14
TIENDA005,HM000032,4,21,36,2023-12-31
TIENDA005,HM000056,77,18,48,2023-12-26
TIENDA005,HM000089,74,17,39,2023-12-30
TIENDA005,HM000027,24,15,10,2023-12-18
TIENDA005,HM000043,63,24,18,2024-01-13
TIENDA005,HM000070,1,18,19,2023-12-29
TIENDA005,HM000016,17,19,6,2023-12-27
TIENDA005,HM000041,27,14,6,2023-12-26
TIENDA005,HM000097,73,20,49,2024-01-03
TIENDA005,HM000010,81,19,36,2023-12-17
TIENDA005,HM000073,2,20,1,2023-12-17
TIENDA005,HM000012,11,15,4,2023-12-17
TIENDA005,HM000048,66,17,5,2023-12-21
TIENDA005,HM000086,5,22,1,2023-12-31
TIENDA005,HM000029,80,23,10,2023-12-21
TIENDA005,HM000094,19,18,22,2023-12-28
TIENDA005,HM000006,52,16,25,2024-01-03
TIENDA005,HM000067,41,26,36,2023-12-27
TIENDA005,HM000066,31,25,15,2023-12-22
TIENDA005,HM000036,45,23,23,2024-01-14
TIENDA005,HM000017,79,18,16,2024-01-07
TIENDA005,HM000050,6,17,30,2023-12-30
TIENDA005,HM000035,21,28,10,2024-01-04
TIENDA005,HM000008,99,21,9,2023-12-24
TIENDA005,HM000096,74,25,15,2023-12-26
TIENDA005,HM000028,93,19,31,2024-01-12
TIENDA005,HM000020,25,13,10,2024-01-09
TIENDA005,HM000082,72,21,21,2024-01-08
TIENDA005,HM000026,31,24,40,2024-01-07
TIENDA005,HM000063,58,24,9,2023-12-22
TIENDA005,HM000014,58,12,16,2023-12-25
TIENDA005,HM000025,74,22,29,2023-12-22
TIENDA005,HM000004,32,21,7,2024-01-13
TIENDA005,HM000018,76,17,13,2024-01-02
TIENDA005,HM000039,52,23,15,2023-12-18
TIENDA005,HM000009,97,23,0,2024-01-12
TIENDA005,HM000079,56,16,7,2024-01-13
TIENDA005,HM000007,76,17,36,2023-12-22
TIENDA005,HM000065,21,35,18,2024-01-06
TIENDA005,HM000037,74,15,7,2023-12-19
TIENDA005,HM000090,99,20,40,2024-01-10
TIENDA005,HM000057,7,21,7,2023-12-27
TIENDA005,HM000100,36,17,8,2023-12-19
TIENDA005,HM000055,65,23,42,2024-01-10
TIENDA005,HM000044,90,14,4,2024-01-08
TIENDA005,HM000051,40,11,25,2023-12-22
TIENDA005,HM000068,52,22,15,2023-12-23
TIENDA005,HM000047,12,31,13,2023-12-31
TIENDA005,HM000069,36,22,7,2023-12-29
TIENDA005,HM000062,16,19,49,2024-01-05
TIENDA005,HM000098,12,17,44,2023-12-18
TIENDA005,HM000080,67,14,20,2024-01-07
TIENDA005,HM000042,87,23,41,2023-12-18
TIENDA005,HM000059,13,12,5,2023-12-19
TIENDA005,HM000049,13,28,45,2024-01-04
TIENDA005,HM000099,34,18,41,2023-12-24
TIENDA005,HM000058,66,24,11,2024-01-01
TIENDA005,HM000076,91,23,46,2024-01-12
TIENDA005,HM000033,37,17,35,2023-12-19
TIENDA005,HM000095,39,32,32,2024-01-05
TIENDA005,HM000060,2,17,20,2023-12-26
TIENDA005,HM000064,82,13,21,2023-12-26
TIENDA005,HM000085,23,18,35,2024-01-08
TIENDA005,HM000038,48,20,1,2023-12-18
TIENDA005,HM000030,54,27,11,2024-01-11
TIENDA005,HM000002,59,20,18,2023-12-29
TIENDA005,HM000053,61,21,45,2024-01-13
TIENDA005,HM000022,51,18,48,2024-01-01
TIENDA005,HM000003,52,28,7,2023-12-22
TIENDA005,HM000024,48,23,19,2024-01-01
TIENDA005,HM000088,73,14,16,2023-12-25
TIENDA005,HM000092,80,19,37,2024-01-03
TIENDA005,HM000075,15,14,34,2024-01-09
TIENDA005,HM000087,97,17,35,2023-12-25
TIENDA005,HM000083,11,25,35,2024-01-11
TIENDA005,HM000021,34,19,33,2024-01-08
TIENDA005,HM000061,82,26,18,2023-12-22
TIENDA005,HM000072,2,18,40,2024-01-14
TIENDA005,HM000015,86,22,27,2024-01-08
TIENDA005,HM000093,47,19,45,2023-12-18
TIENDA005,HM000052,38,11,49,2023-12-27
TIENDA006,HM000084,92,19,37,2023-12-21
TIENDA006,HM000054,81,27,37,2024-01-11
TIENDA006,HM000071,7,18,23,2024-01-09
TIENDA006,HM000046,60,15,12,2023-12-19
TIENDA006,HM000045,58,22,26,2024-01-02
TIENDA006,HM000040,21,22,23,2023-12-18
TIENDA006,HM000023,27,17,14,2024-01-13
TIENDA006,HM000081,3,27,37,2024-01-01
TIENDA006,HM000011,64,20,28,2023-12-23
TIENDA006,HM000001,56,21,25,2023-12-30
TIENDA006,HM000019,73,29,21,2024-01-10
TIENDA006,HM000031,82,18,38,2024-01-01
TIENDA006,HM000074,41,18,41,2024-01-10
TIENDA006,HM000034,1,24,22,2023-12-24
TIENDA006,HM000091,51,20,28,2024-01-03
TIENDA006,HM000005,77,18,23,2023-12-31
TIENDA006,HM000077,37,28,4,2024-01-10
TIENDA006,HM000078,92,15,13,2023-12-18
TIENDA006,HM000013,69,23,18,2023-12-18
TIENDA006,HM000032,19,16,8,2023-12-28
TIENDA006,HM000056,12,12,48,2024-01-12
TIENDA006,HM000089,91,19,46,2024-01-07
TIENDA006,HM000027,95,29,27,2023-12-24
TIENDA006,HM000043,89,24,30,2024-01-04
TIENDA006,HM000070,74,21,27,2024-01-11
TIENDA006,HM000016,15,20,4,2023-12-30
TIENDA006,HM000041,84,27,5,2024-01-10
TIENDA006,HM000097,76,18,39,2024-01-08
TIENDA006,HM000010,80,21,46,2024-01-12
TIENDA006,HM000073,87,13,22,2024-01-12
TIENDA006,HM000012,14,21,25,2024-01-08
TIENDA006,HM000048,69,18,34,2023-12-26
TIENDA006,HM000086,25,24,32,2023-12-23
TIENDA006,HM000029,37,26,6,2024-01-05
TIENDA006,HM000094,39,20,17,2023-12-22
TIENDA006,HM000006,71,21,12,2024-01-07
TIENDA006,HM000067,5,23,41,2023-12-20
TIENDA006,HM000066,32,13,5,2024-01-12
TIENDA006,HM000036,29,17,2,2023-12-31
TIENDA006,HM000017,11,15,2,2023-12-25
TIENDA006,HM000050,14,22,31,2024-01-05
TIENDA006,HM000035,7,20,14,2024-01-12
TIENDA006,HM000008,75,13,33,2024-01-01
TIENDA006,HM000096,45,26,6,2023-12-25
TIENDA006,HM000028,30,28,9,2023-12-24
TIENDA006,HM000020,99,18,34,2024-01-06
TIENDA006,HM000082,2,13,25,2024-01-08
TIENDA006,HM000026,64,14,36,2024-01-04
TIENDA006,HM000063,6,29,17,2023-12-17
TIENDA006,HM000014,84,16,25,2024-01-02
TIENDA006,HM000025,0,17,13,2024-01-07
TIENDA006,HM000004,45,22,26,2023-12-19
TIENDA006,HM000018,41,20,25,2023-12-28
TIENDA006,HM000039,86,22,11,2023-12-29
TIENDA006,HM000009,70,24,23,2024-01-12
TIENDA006,HM000079,21,15,24,2023-12-21
TIENDA006,HM000007,29,20,28,2024-01-09
TIENDA006,HM000065,62,24,14,2023-12-24
TIENDA006,HM000037,6,19,46,2024-01-12
TIENDA006,HM000090,11,21,23,2023-12-30
TIENDA006,HM000057,79,21,18,2024-01-06
TIENDA006,HM000100,12,28,41,2023-12-20
TIENDA006,HM000055,62,31,30,2023-12-28
TIENDA006,HM000044,15,17,36,2023-12-25
TIENDA006,HM000051,13,16,38,2024-01-10
TIENDA006,HM000068,7,21,4,2023-12-28
TIENDA006,HM000047,50,20,9,2023-12-24
TIENDA006,HM000069,74,23,25,2023-12-27
TIENDA006,HM000062,95,22,42,2023-12-30
TIENDA006,HM000098,17,19,40,2023-12-20
TIENDA006,HM000080,6,13,42,2023-12-19
TIENDA006,HM000042,48,19,46,2024-01-05
TIENDA006,HM000059,2,22,25,2023-12-28
TIENDA006,HM000049,32,19,39,2023-12-17
TIENDA006,HM000099,36,17,1,2024-01-06
TIENDA006,HM000058,21,20,8,2024-01-02
TIENDA006,HM000076,97,16,47,2024-01-01
TIENDA006,HM000033,9,17,11,2024-01-02
TIENDA006,HM000095,87,15,43,2023-12-24
TIENDA006,HM000060,93,24,6,2024-01-09
TIENDA006,HM000064,95,23,31,2023-12-30
TIENDA006,HM000085,22,21,12,2024-01-07
TIENDA006,HM000038,17,17,1,2024-01-06
TIENDA006,HM000030,37,25,9,2024-01-06
TIENDA006,HM000002,58,19,27,2023-12-24
TIENDA006,HM000053,59,23,4,2024-01-10
TIENDA006,HM000022,37,10,30,2023-12-27
TIENDA006,HM000003,60,10,41,2023-12-19
TIENDA006,HM000024,21,21,41,2024-01-02
TIENDA006,HM000088,56,15,22,2024-01-03
TIENDA006,HM000092,13,13,43,2023-12-29
TIENDA006,HM000075,5,25,23,2023-12-24
TIENDA006,HM000087,3,27,12,2024-01-03
TIENDA006,HM000083,82,25,37,2023-12-27
TIENDA006,HM000021,9,20,27,2024-01-13
TIENDA006,HM000061,75,17,34,2024-01-14
TIENDA006,HM000072,51,23,40,2023-12-30
TIENDA006,HM000015,10,17,45,2024-01-14
TIENDA006,HM000093,45,22,31,2024-01-06
TIENDA006,HM000052,69,35,17,2024-01-13
