sku,categoria,subcategoria,tienda,demanda_promedio,desviacion_demanda,ventas_totales,precio_promedio,costo_unitario,precio_venta,lead_time,stock_actual,stock_seguridad,stock_en_transito,margen_promedio
HM000001,Vestidos,Temporada,TIENDA001,1.652054794520548,1.127589765077705,603,37.05,10.35,17.75,18.0,68.0,15.0,22.0,7.4
HM000001,Vestidos,Temporada,TIENDA002,1.652054794520548,1.127589765077705,603,37.05,10.35,17.75,18.0,12.0,17.0,39.0,7.4
HM000001,Vestidos,Temporada,TIENDA003,1.652054794520548,1.127589765077705,603,37.05,10.35,17.75,18.0,1.0,24.0,0.0,7.4
HM000001,Vestidos,Temporada,TIENDA004,1.652054794520548,1.127589765077705,603,37.05,10.35,17.75,18.0,70.0,24.0,0.0,7.4
HM000001,Vestidos,Temporada,TIENDA005,1.652054794520548,1.127589765077705,603,37.05,10.35,17.75,18.0,17.0,17.0,44.0,7.4
HM000001,Vestidos,Temporada,TIENDA006,1.652054794520548,1.127589765077705,603,37.05,10.35,17.75,18.0,56.0,21.0,25.0,7.4
HM000002,Camisetas,Temporada,TIENDA001,1.5205479452054795,0.8469335288131586,555,91.37,34.6,40.98,12.0,86.0,23.0,30.0,6.3799999999999955
HM000002,Camisetas,Temporada,TIENDA002,1.5205479452054795,0.8469335288131586,555,91.37,34.6,40.98,12.0,86.0,20.0,25.0,6.3799999999999955
HM000002,Camisetas,Temporada,TIENDA003,1.5205479452054795,0.8469335288131586,555,91.37,34.6,40.98,12.0,28.0,22.0,41.0,6.3799999999999955
HM000002,Camisetas,Temporada,TIENDA004,1.5205479452054795,0.8469335288131586,555,91.37,34.6,40.98,12.0,41.0,16.0,1.0,6.3799999999999955
HM000002,Camisetas,Temporada,TIENDA005,1.5205479452054795,0.8469335288131586,555,91.37,34.6,40.98,12.0,59.0,20.0,18.0,6.3799999999999955
HM000002,Camisetas,Temporada,TIENDA006,1.5205479452054795,0.8469335288131586,555,91.37,34.6,40.98,12.0,58.0,19.0,27.0,6.3799999999999955
HM000003,Abrigos,Basico,TIENDA001,1.6876712328767123,1.3791964141332778,616,87.18,40.5,68.38,12.0,87.0,18.0,22.0,27.879999999999995
HM000003,Abrigos,Basico,TIENDA002,1.6876712328767123,1.3791964141332778,616,87.18,40.5,68.38,12.0,2.0,21.0,13.0,27.879999999999995
HM000003,Abrigos,Basico,TIENDA003,1.6876712328767123,1.3791964141332778,616,87.18,40.5,68.38,12.0,12.0,22.0,41.0,27.879999999999995
HM000003,Abrigos,Basico,TIENDA004,1.6876712328767123,1.3791964141332778,616,87.18,40.5,68.38,12.0,16.0,16.0,41.0,27.879999999999995
HM000003,Abrigos,Basico,TIENDA005,1.6876712328767123,1.3791964141332778,616,87.18,40.5,68.38,12.0,52.0,28.0,7.0,27.879999999999995
HM000003,Abrigos,Basico,TIENDA006,1.6876712328767123,1.3791964141332778,616,87.18,40.5,68.38,12.0,60.0,10.0,41.0,27.879999999999995
HM000004,Camisetas,Temporada,TIENDA001,1.5342465753424657,0.9240705425480229,560,98.92,37.49,19.15,8.0,34.0,22.0,47.0,-18.340000000000003
HM000004,Camisetas,Temporada,TIENDA002,1.5342465753424657,0.9240705425480229,560,98.92,37.49,19.15,8.0,17.0,24.0,1.0,-18.340000000000003
HM000004,Camisetas,Temporada,TIENDA003,1.5342465753424657,0.9240705425480229,560,98.92,37.49,19.15,8.0,33.0,19.0,46.0,-18.340000000000003
HM000004,Camisetas,Temporada,TIENDA004,1.5342465753424657,0.9240705425480229,560,98.92,37.49,19.15,8.0,37.0,19.0,24.0,-18.340000000000003
HM000004,Camisetas,Temporada,TIENDA005,1.5342465753424657,0.9240705425480229,560,98.92,37.49,19.15,8.0,32.0,21.0,7.0,-18.340000000000003
HM000004,Camisetas,Temporada,TIENDA006,1.5342465753424657,0.9240705425480229,560,98.92,37.49,19.15,8.0,45.0,22.0,26.0,-18.340000000000003
HM000005,Accesorios,Temporada,TIENDA001,1.6273972602739726,1.128217045448625,594,36.55,35.92,56.41,15.0,57.0,32.0,39.0,20.489999999999995
HM000005,Accesorios,Temporada,TIENDA002,1.6273972602739726,1.128217045448625,594,36.55,35.92,56.41,15.0,80.0,22.0,11.0,20.489999999999995
HM000005,Accesorios,Temporada,TIENDA003,1.6273972602739726,1.128217045448625,594,36.55,35.92,56.41,15.0,5.0,24.0,47.0,20.489999999999995
HM000005,Accesorios,Temporada,TIENDA004,1.6273972602739726,1.128217045448625,594,36.55,35.92,56.41,15.0,15.0,16.0,0.0,20.489999999999995
HM000005,Accesorios,Temporada,TIENDA005,1.6273972602739726,1.128217045448625,594,36.55,35.92,56.41,15.0,19.0,21.0,25.0,20.489999999999995
HM000005,Accesorios,Temporada,TIENDA006,1.6273972602739726,1.128217045448625,594,36.55,35.92,56.41,15.0,77.0,18.0,23.0,20.489999999999995
HM000006,Camisetas,Temporada,TIENDA001,1.6876712328767123,1.377203050847472,616,82.68,26.72,77.14,20.0,57.0,18.0,42.0,50.419999999999995
HM000006,Camisetas,Temporada,TIENDA002,1.6876712328767123,1.377203050847472,616,82.68,26.72,77.14,20.0,24.0,15.0,29.0,50.419999999999995
HM000006,Camisetas,Temporada,TIENDA003,1.6876712328767123,1.377203050847472,616,82.68,26.72,77.14,20.0,75.0,19.0,9.0,50.419999999999995
HM000006,Camisetas,Temporada,TIENDA004,1.6876712328767123,1.377203050847472,616,82.68,26.72,77.14,20.0,91.0,24.0,24.0,50.419999999999995
HM000006,Camisetas,Temporada,TIENDA005,1.6876712328767123,1.377203050847472,616,82.68,26.72,77.14,20.0,52.0,16.0,25.0,50.419999999999995
HM000006,Camisetas,Temporada,TIENDA006,1.6876712328767123,1.377203050847472,616,82.68,26.72,77.14,20.0,71.0,21.0,12.0,50.419999999999995
HM000007,Vestidos,Basico,TIENDA001,1.5041095890410958,0.8274876507435456,549,70.17,17.96,34.56,19.0,15.0,16.0,26.0,16.6
HM000007,Vestidos,Basico,TIENDA002,1.5041095890410958,0.8274876507435456,549,70.17,17.96,34.56,19.0,72.0,23.0,32.0,16.6
HM000007,Vestidos,Basico,TIENDA003,1.5041095890410958,0.8274876507435456,549,70.17,17.96,34.56,19.0,13.0,21.0,39.0,16.6
HM000007,Vestidos,Basico,TIENDA004,1.5041095890410958,0.8274876507435456,549,70.17,17.96,34.56,19.0,63.0,17.0,35.0,16.6
HM000007,Vestidos,Basico,TIENDA005,1.5041095890410958,0.8274876507435456,549,70.17,17.96,34.56,19.0,76.0,17.0,36.0,16.6
HM000007,Vestidos,Basico,TIENDA006,1.5041095890410958,0.8274876507435456,549,70.17,17.96,34.56,19.0,29.0,20.0,28.0,16.6
HM000008,Abrigos,Basico,TIENDA001,1.4904109589041097,0.8568028328530826,544,44.34,48.66,36.19,20.0,97.0,20.0,35.0,-12.47
HM000008,Abrigos,Basico,TIENDA002,1.4904109589041097,0.8568028328530826,544,44.34,48.66,36.19,20.0,3.0,22.0,15.0,-12.47
HM000008,Abrigos,Basico,TIENDA003,1.4904109589041097,0.8568028328530826,544,44.34,48.66,36.19,20.0,39.0,13.0,36.0,-12.47
HM000008,Abrigos,Basico,TIENDA004,1.4904109589041097,0.8568028328530826,544,44.34,48.66,36.19,20.0,71.0,17.0,28.0,-12.47
HM000008,Abrigos,Basico,TIENDA005,1.4904109589041097,0.8568028328530826,544,44.34,48.66,36.19,20.0,99.0,21.0,9.0,-12.47
HM000008,Abrigos,Basico,TIENDA006,1.4904109589041097,0.8568028328530826,544,44.34,48.66,36.19,20.0,75.0,13.0,33.0,-12.47
HM000009,Camisetas,Temporada,TIENDA001,1.6684931506849314,1.1349682563611474,609,97.39,40.88,60.3,17.0,42.0,20.0,41.0,19.419999999999995
HM000009,Camisetas,Temporada,TIENDA002,1.6684931506849314,1.1349682563611474,609,97.39,40.88,60.3,17.0,97.0,19.0,12.0,19.419999999999995
HM000009,Camisetas,Temporada,TIENDA003,1.6684931506849314,1.1349682563611474,609,97.39,40.88,60.3,17.0,2.0,24.0,23.0,19.419999999999995
HM000009,Camisetas,Temporada,TIENDA004,1.6684931506849314,1.1349682563611474,609,97.39,40.88,60.3,17.0,76.0,18.0,29.0,19.419999999999995
HM000009,Camisetas,Temporada,TIENDA005,1.6684931506849314,1.1349682563611474,609,97.39,40.88,60.3,17.0,97.0,23.0,0.0,19.419999999999995
HM000009,Camisetas,Temporada,TIENDA006,1.6684931506849314,1.1349682563611474,609,97.39,40.88,60.3,17.0,70.0,24.0,23.0,19.419999999999995
HM000010,Accesorios,Temporada,TIENDA001,1.4273972602739726,0.7867830373074086,521,29.959999999999997,44.87,15.08,13.0,16.0,18.0,26.0,-29.790000000000003
HM000010,Accesorios,Temporada,TIENDA002,1.4273972602739726,0.7867830373074086,521,29.959999999999997,44.87,15.08,13.0,93.0,27.0,14.0,-29.790000000000003
HM000010,Accesorios,Temporada,TIENDA003,1.4273972602739726,0.7867830373074086,521,29.959999999999997,44.87,15.08,13.0,47.0,20.0,18.0,-29.790000000000003
HM000010,Accesorios,Temporada,TIENDA004,1.4273972602739726,0.7867830373074086,521,29.959999999999997,44.87,15.08,13.0,72.0,28.0,2.0,-29.790000000000003
HM000010,Accesorios,Temporada,TIENDA005,1.4273972602739726,0.7867830373074086,521,29.959999999999997,44.87,15.08,13.0,81.0,19.0,36.0,-29.790000000000003
HM000010,Accesorios,Temporada,TIENDA006,1.4273972602739726,0.7867830373074086,521,29.959999999999997,44.87,15.08,13.0,80.0,21.0,46.0,-29.790000000000003
HM000011,Abrigos,Temporada,TIENDA001,1.5863013698630137,1.0542060014731818,579,73.11,23.44,33.13,20.0,18.0,21.0,47.0,9.69
HM000011,Abrigos,Temporada,TIENDA002,1.5863013698630137,1.0542060014731818,579,73.11,23.44,33.13,20.0,49.0,17.0,1.0,9.69
HM000011,Abrigos,Temporada,TIENDA003,1.5863013698630137,1.0542060014731818,579,73.11,23.44,33.13,20.0,7.0,19.0,13.0,9.69
HM000011,Abrigos,Temporada,TIENDA004,1.5863013698630137,1.0542060014731818,579,73.11,23.44,33.13,20.0,53.0,25.0,47.0,9.69
HM000011,Abrigos,Temporada,TIENDA005,1.5863013698630137,1.0542060014731818,579,73.11,23.44,33.13,20.0,71.0,21.0,30.0,9.69
HM000011,Abrigos,Temporada,TIENDA006,1.5863013698630137,1.0542060014731818,579,73.11,23.44,33.13,20.0,64.0,20.0,28.0,9.69
HM000012,Abrigos,Basico,TIENDA001,1.6904109589041096,1.1314879321225277,617,54.24000000000001,34.61,51.54,9.0,1.0,13.0,34.0,16.93
HM000012,Abrigos,Basico,TIENDA002,1.6904109589041096,1.1314879321225277,617,54.24000000000001,34.61,51.54,9.0,39.0,11.0,4.0,16.93
HM000012,Abrigos,Basico,TIENDA003,1.6904109589041096,1.1314879321225277,617,54.24000000000001,34.61,51.54,9.0,89.0,21.0,23.0,16.93
HM000012,Abrigos,Basico,TIENDA004,1.6904109589041096,1.1314879321225277,617,54.24000000000001,34.61,51.54,9.0,81.0,21.0,47.0,16.93
HM000012,Abrigos,Basico,TIENDA005,1.6904109589041096,1.1314879321225277,617,54.24000000000001,34.61,51.54,9.0,11.0,15.0,4.0,16.93
HM000012,Abrigos,Basico,TIENDA006,1.6904109589041096,1.1314879321225277,617,54.24000000000001,34.61,51.54,9.0,14.0,21.0,25.0,16.93
HM000013,Accesorios,Temporada,TIENDA001,1.6465753424657534,1.0182513279995038,601,79.0,37.91,17.39,17.0,67.0,21.0,34.0,-20.52
HM000013,Accesorios,Temporada,TIENDA002,1.6465753424657534,1.0182513279995038,601,79.0,37.91,17.39,17.0,38.0,22.0,46.0,-20.52
HM000013,Accesorios,Temporada,TIENDA003,1.6465753424657534,1.0182513279995038,601,79.0,37.91,17.39,17.0,2.0,18.0,36.0,-20.52
HM000013,Accesorios,Temporada,TIENDA004,1.6465753424657534,1.0182513279995038,601,79.0,37.91,17.39,17.0,50.0,25.0,1.0,-20.52
HM000013,Accesorios,Temporada,TIENDA005,1.6465753424657534,1.0182513279995038,601,79.0,37.91,17.39,17.0,5.0,24.0,28.0,-20.52
HM000013,Accesorios,Temporada,TIENDA006,1.6465753424657534,1.0182513279995038,601,79.0,37.91,17.39,17.0,69.0,23.0,18.0,-20.52
HM000014,Accesorios,Basico,TIENDA001,1.7013698630136986,1.1631348733937317,621,91.56,16.74,46.53,10.0,72.0,19.0,46.0,29.790000000000003
HM000014,Accesorios,Basico,TIENDA002,1.7013698630136986,1.1631348733937317,621,91.56,16.74,46.53,10.0,66.0,26.0,47.0,29.790000000000003
HM000014,Accesorios,Basico,TIENDA003,1.7013698630136986,1.1631348733937317,621,91.56,16.74,46.53,10.0,49.0,14.0,40.0,29.790000000000003
HM000014,Accesorios,Basico,TIENDA004,1.7013698630136986,1.1631348733937317,621,91.56,16.74,46.53,10.0,82.0,22.0,15.0,29.790000000000003
HM000014,Accesorios,Basico,TIENDA005,1.7013698630136986,1.1631348733937317,621,91.56,16.74,46.53,10.0,58.0,12.0,16.0,29.790000000000003
HM000014,Accesorios,Basico,TIENDA006,1.7013698630136986,1.1631348733937317,621,91.56,16.74,46.53,10.0,84.0,16.0,25.0,29.790000000000003
HM000015,Pantalones,Basico,TIENDA001,1.5123287671232877,0.87579558893229,552,28.4,32.71,87.54,15.0,47.0,24.0,20.0,54.830000000000005
HM000015,Pantalones,Basico,TIENDA002,1.5123287671232877,0.87579558893229,552,28.4,32.71,87.54,15.0,31.0,13.0,18.0,54.830000000000005
HM000015,Pantalones,Basico,TIENDA003,1.5123287671232877,0.87579558893229,552,28.4,32.71,87.54,15.0,81.0,19.0,13.0,54.830000000000005
HM000015,Pantalones,Basico,TIENDA004,1.5123287671232877,0.87579558893229,552,28.4,32.71,87.54,15.0,22.0,25.0,36.0,54.830000000000005
HM000015,Pantalones,Basico,TIENDA005,1.5123287671232877,0.87579558893229,552,28.4,32.71,87.54,15.0,86.0,22.0,27.0,54.830000000000005
HM000015,Pantalones,Basico,TIENDA006,1.5123287671232877,0.87579558893229,552,28.4,32.71,87.54,15.0,10.0,17.0,45.0,54.830000000000005
HM000016,Camisetas,Temporada,TIENDA001,1.473972602739726,0.8237590395809222,538,84.19,14.95,86.61,15.0,53.0,26.0,9.0,71.66
HM000016,Camisetas,Temporada,TIENDA002,1.473972602739726,0.8237590395809222,538,84.19,14.95,86.61,15.0,23.0,16.0,48.0,71.66
HM000016,Camisetas,Temporada,TIENDA003,1.473972602739726,0.8237590395809222,538,84.19,14.95,86.61,15.0,11.0,17.0,45.0,71.66
HM000016,Camisetas,Temporada,TIENDA004,1.473972602739726,0.8237590395809222,538,84.19,14.95,86.61,15.0,1.0,23.0,29.0,71.66
HM000016,Camisetas,Temporada,TIENDA005,1.473972602739726,0.8237590395809222,538,84.19,14.95,86.61,15.0,17.0,19.0,6.0,71.66
HM000016,Camisetas,Temporada,TIENDA006,1.473972602739726,0.8237590395809222,538,84.19,14.95,86.61,15.0,15.0,20.0,4.0,71.66
HM000017,Vestidos,Basico,TIENDA001,1.5123287671232877,0.8726530857670475,552,35.86,6.79,25.17,7.0,78.0,30.0,43.0,18.380000000000003
HM000017,Vestidos,Basico,TIENDA002,1.5123287671232877,0.8726530857670475,552,35.86,6.79,25.17,7.0,32.0,19.0,26.0,18.380000000000003
HM000017,Vestidos,Basico,TIENDA003,1.5123287671232877,0.8726530857670475,552,35.86,6.79,25.17,7.0,42.0,17.0,22.0,18.380000000000003
HM000017,Vestidos,Basico,TIENDA004,1.5123287671232877,0.8726530857670475,552,35.86,6.79,25.17,7.0,47.0,20.0,12.0,18.380000000000003
HM000017,Vestidos,Basico,TIENDA005,1.5123287671232877,0.8726530857670475,552,35.86,6.79,25.17,7.0,79.0,18.0,16.0,18.380000000000003
HM000017,Vestidos,Basico,TIENDA006,1.5123287671232877,0.8726530857670475,552,35.86,6.79,25.17,7.0,11.0,15.0,2.0,18.380000000000003
HM000018,Camisetas,Temporada,TIENDA001,1.704109589041096,1.094496516814871,622,61.78,11.49,27.35,11.0,92.0,20.0,10.0,15.86
HM000018,Camisetas,Temporada,TIENDA002,1.704109589041096,1.094496516814871,622,61.78,11.49,27.35,11.0,13.0,12.0,18.0,15.86
HM000018,Camisetas,Temporada,TIENDA003,1.704109589041096,1.094496516814871,622,61.78,11.49,27.35,11.0,87.0,19.0,6.0,15.86
HM000018,Camisetas,Temporada,TIENDA004,1.704109589041096,1.094496516814871,622,61.78,11.49,27.35,11.0,97.0,25.0,20.0,15.86
HM000018,Camisetas,Temporada,TIENDA005,1.704109589041096,1.094496516814871,622,61.78,11.49,27.35,11.0,76.0,17.0,13.0,15.86
HM000018,Camisetas,Temporada,TIENDA006,1.704109589041096,1.094496516814871,622,61.78,11.49,27.35,11.0,41.0,20.0,25.0,15.86
HM000019,Abrigos,Premium,TIENDA001,1.5534246575342465,0.9408439909593947,567,95.1,7.690000000000001,45.77000000000001,11.0,81.0,18.0,31.0,38.080000000000005
HM000019,Abrigos,Premium,TIENDA002,1.5534246575342465,0.9408439909593947,567,95.1,7.690000000000001,45.77000000000001,11.0,4.0,16.0,25.0,38.080000000000005
HM000019,Abrigos,Premium,TIENDA003,1.5534246575342465,0.9408439909593947,567,95.1,7.690000000000001,45.77000000000001,11.0,1.0,31.0,17.0,38.080000000000005
HM000019,Abrigos,Premium,TIENDA004,1.5534246575342465,0.9408439909593947,567,95.1,7.690000000000001,45.77000000000001,11.0,22.0,22.0,14.0,38.080000000000005
HM000019,Abrigos,Premium,TIENDA005,1.5534246575342465,0.9408439909593947,567,95.1,7.690000000000001,45.77000000000001,11.0,97.0,28.0,33.0,38.080000000000005
HM000019,Abrigos,Premium,TIENDA006,1.5534246575342465,0.9408439909593947,567,95.1,7.690000000000001,45.77000000000001,11.0,73.0,29.0,21.0,38.080000000000005
HM000020,Abrigos,Basico,TIENDA001,1.6904109589041096,1.084375090152531,617,68.43,11.57,96.6,10.0,48.0,23.0,19.0,85.03
HM000020,Abrigos,Basico,TIENDA002,1.6904109589041096,1.084375090152531,617,68.43,11.57,96.6,10.0,39.0,21.0,1.0,85.03
HM000020,Abrigos,Basico,TIENDA003,1.6904109589041096,1.084375090152531,617,68.43,11.57,96.6,10.0,26.0,19.0,12.0,85.03
HM000020,Abrigos,Basico,TIENDA004,1.6904109589041096,1.084375090152531,617,68.43,11.57,96.6,10.0,73.0,19.0,1.0,85.03
HM000020,Abrigos,Basico,TIENDA005,1.6904109589041096,1.084375090152531,617,68.43,11.57,96.6,10.0,25.0,13.0,10.0,85.03
HM000020,Abrigos,Basico,TIENDA006,1.6904109589041096,1.084375090152531,617,68.43,11.57,96.6,10.0,99.0,18.0,34.0,85.03
HM000021,Accesorios,Temporada,TIENDA001,1.5671232876712329,1.08131670784765,572,15.46,8.48,30.489999999999995,8.0,34.0,24.0,46.0,22.01
HM000021,Accesorios,Temporada,TIENDA002,1.5671232876712329,1.08131670784765,572,15.46,8.48,30.489999999999995,8.0,73.0,21.0,48.0,22.01
HM000021,Accesorios,Temporada,TIENDA003,1.5671232876712329,1.08131670784765,572,15.46,8.48,30.489999999999995,8.0,29.0,20.0,9.0,22.01
HM000021,Accesorios,Temporada,TIENDA004,1.5671232876712329,1.08131670784765,572,15.46,8.48,30.489999999999995,8.0,99.0,23.0,11.0,22.01
HM000021,Accesorios,Temporada,TIENDA005,1.5671232876712329,1.08131670784765,572,15.46,8.48,30.489999999999995,8.0,34.0,19.0,33.0,22.01
HM000021,Accesorios,Temporada,TIENDA006,1.5671232876712329,1.08131670784765,572,15.46,8.48,30.489999999999995,8.0,9.0,20.0,27.0,22.01
HM000022,Vestidos,Basico,TIENDA001,1.7561643835616438,1.2745378715795863,641,50.4,25.14,48.830000000000005,11.0,88.0,20.0,31.0,23.69
HM000022,Vestidos,Basico,TIENDA002,1.7561643835616438,1.2745378715795863,641,50.4,25.14,48.830000000000005,11.0,58.0,20.0,8.0,23.69
HM000022,Vestidos,Basico,TIENDA003,1.7561643835616438,1.2745378715795863,641,50.4,25.14,48.830000000000005,11.0,94.0,18.0,18.0,23.69
HM000022,Vestidos,Basico,TIENDA004,1.7561643835616438,1.2745378715795863,641,50.4,25.14,48.830000000000005,11.0,44.0,21.0,48.0,23.69
HM000022,Vestidos,Basico,TIENDA005,1.7561643835616438,1.2745378715795863,641,50.4,25.14,48.830000000000005,11.0,51.0,18.0,48.0,23.69
HM000022,Vestidos,Basico,TIENDA006,1.7561643835616438,1.2745378715795863,641,50.4,25.14,48.830000000000005,11.0,37.0,10.0,30.0,23.69
HM000023,Pantalones,Basico,TIENDA001,1.632876712328767,1.1682680421353981,596,56.13,32.71,25.510000000000005,13.0,4.0,16.0,32.0,-7.199999999999998
HM000023,Pantalones,Basico,TIENDA002,1.632876712328767,1.1682680421353981,596,56.13,32.71,25.510000000000005,13.0,57.0,19.0,25.0,-7.199999999999998
HM000023,Pantalones,Basico,TIENDA003,1.632876712328767,1.1682680421353981,596,56.13,32.71,25.510000000000005,13.0,70.0,16.0,47.0,-7.199999999999998
HM000023,Pantalones,Basico,TIENDA004,1.632876712328767,1.1682680421353981,596,56.13,32.71,25.510000000000005,13.0,87.0,20.0,21.0,-7.199999999999998
HM000023,Pantalones,Basico,TIENDA005,1.632876712328767,1.1682680421353981,596,56.13,32.71,25.510000000000005,13.0,77.0,16.0,31.0,-7.199999999999998
HM000023,Pantalones,Basico,TIENDA006,1.632876712328767,1.1682680421353981,596,56.13,32.71,25.510000000000005,13.0,27.0,17.0,14.0,-7.199999999999998
HM000024,Camisetas,Basico,TIENDA001,1.6849315068493151,1.0597106220278516,615,98.1,20.21,80.55,9.0,19.0,21.0,32.0,60.34
HM000024,Camisetas,Basico,TIENDA002,1.6849315068493151,1.0597106220278516,615,98.1,20.21,80.55,9.0,30.0,13.0,23.0,60.34
HM000024,Camisetas,Basico,TIENDA003,1.6849315068493151,1.0597106220278516,615,98.1,20.21,80.55,9.0,83.0,18.0,26.0,60.34
HM000024,Camisetas,Basico,TIENDA004,1.6849315068493151,1.0597106220278516,615,98.1,20.21,80.55,9.0,34.0,20.0,22.0,60.34
HM000024,Camisetas,Basico,TIENDA005,1.6849315068493151,1.0597106220278516,615,98.1,20.21,80.55,9.0,48.0,23.0,19.0,60.34
HM000024,Camisetas,Basico,TIENDA006,1.6849315068493151,1.0597106220278516,615,98.1,20.21,80.55,9.0,21.0,21.0,41.0,60.34
HM000025,Abrigos,Temporada,TIENDA001,1.6082191780821917,0.9093158617578257,587,33.96,11.93,42.31,20.0,90.0,15.0,46.0,30.380000000000003
HM000025,Abrigos,Temporada,TIENDA002,1.6082191780821917,0.9093158617578257,587,33.96,11.93,42.31,20.0,95.0,28.0,6.0,30.380000000000003
HM000025,Abrigos,Temporada,TIENDA003,1.6082191780821917,0.9093158617578257,587,33.96,11.93,42.31,20.0,4.0,21.0,41.0,30.380000000000003
HM000025,Abrigos,Temporada,TIENDA004,1.6082191780821917,0.9093158617578257,587,33.96,11.93,42.31,20.0,37.0,15.0,20.0,30.380000000000003
HM000025,Abrigos,Temporada,TIENDA005,1.6082191780821917,0.9093158617578257,587,33.96,11.93,42.31,20.0,74.0,22.0,29.0,30.380000000000003
HM000025,Abrigos,Temporada,TIENDA006,1.6082191780821917,0.9093158617578257,587,33.96,11.93,42.31,20.0,0.0,17.0,13.0,30.380000000000003
HM000026,Abrigos,Premium,TIENDA001,1.5205479452054795,0.8566095485759107,555,87.74,28.55,53.79,9.0,70.0,17.0,28.0,25.239999999999995
HM000026,Abrigos,Premium,TIENDA002,1.5205479452054795,0.8566095485759107,555,87.74,28.55,53.79,9.0,15.0,19.0,35.0,25.239999999999995
HM000026,Abrigos,Premium,TIENDA003,1.5205479452054795,0.8566095485759107,555,87.74,28.55,53.79,9.0,6.0,21.0,39.0,25.239999999999995
HM000026,Abrigos,Premium,TIENDA004,1.5205479452054795,0.8566095485759107,555,87.74,28.55,53.79,9.0,46.0,24.0,46.0,25.239999999999995
HM000026,Abrigos,Premium,TIENDA005,1.5205479452054795,0.8566095485759107,555,87.74,28.55,53.79,9.0,31.0,24.0,40.0,25.239999999999995
HM000026,Abrigos,Premium,TIENDA006,1.5205479452054795,0.8566095485759107,555,87.74,28.55,53.79,9.0,64.0,14.0,36.0,25.239999999999995
HM000027,Vestidos,Premium,TIENDA001,1.5205479452054795,0.8973341017369153,555,62.9,19.41,68.52,9.0,70.0,19.0,33.0,49.11000000000001
HM000027,Vestidos,Premium,TIENDA002,1.5205479452054795,0.8973341017369153,555,62.9,19.41,68.52,9.0,79.0,11.0,10.0,49.11000000000001
HM000027,Vestidos,Premium,TIENDA003,1.5205479452054795,0.8973341017369153,555,62.9,19.41,68.52,9.0,83.0,29.0,0.0,49.11000000000001
HM000027,Vestidos,Premium,TIENDA004,1.5205479452054795,0.8973341017369153,555,62.9,19.41,68.52,9.0,89.0,21.0,39.0,49.11000000000001
HM000027,Vestidos,Premium,TIENDA005,1.5205479452054795,0.8973341017369153,555,62.9,19.41,68.52,9.0,24.0,15.0,10.0,49.11000000000001
HM000027,Vestidos,Premium,TIENDA006,1.5205479452054795,0.8973341017369153,555,62.9,19.41,68.52,9.0,95.0,29.0,27.0,49.11000000000001
HM000028,Abrigos,Premium,TIENDA001,1.5780821917808219,0.9361844726614116,576,93.58999999999999,41.68,87.97,7.0,90.0,22.0,38.0,46.29
HM000028,Abrigos,Premium,TIENDA002,1.5780821917808219,0.9361844726614116,576,93.58999999999999,41.68,87.97,7.0,97.0,24.0,45.0,46.29
HM000028,Abrigos,Premium,TIENDA003,1.5780821917808219,0.9361844726614116,576,93.58999999999999,41.68,87.97,7.0,47.0,18.0,19.0,46.29
HM000028,Abrigos,Premium,TIENDA004,1.5780821917808219,0.9361844726614116,576,93.58999999999999,41.68,87.97,7.0,3.0,26.0,41.0,46.29
HM000028,Abrigos,Premium,TIENDA005,1.5780821917808219,0.9361844726614116,576,93.58999999999999,41.68,87.97,7.0,93.0,19.0,31.0,46.29
HM000028,Abrigos,Premium,TIENDA006,1.5780821917808219,0.9361844726614116,576,93.58999999999999,41.68,87.97,7.0,30.0,28.0,9.0,46.29
HM000029,Camisetas,Basico,TIENDA001,1.6712328767123288,1.132132997571786,610,49.94,6.62,43.31,19.0,56.0,15.0,34.0,36.690000000000005
HM000029,Camisetas,Basico,TIENDA002,1.6712328767123288,1.132132997571786,610,49.94,6.62,43.31,19.0,25.0,23.0,9.0,36.690000000000005
HM000029,Camisetas,Basico,TIENDA003,1.6712328767123288,1.132132997571786,610,49.94,6.62,43.31,19.0,83.0,15.0,33.0,36.690000000000005
HM000029,Camisetas,Basico,TIENDA004,1.6712328767123288,1.132132997571786,610,49.94,6.62,43.31,19.0,21.0,30.0,21.0,36.690000000000005
HM000029,Camisetas,Basico,TIENDA005,1.6712328767123288,1.132132997571786,610,49.94,6.62,43.31,19.0,80.0,23.0,10.0,36.690000000000005
HM000029,Camisetas,Basico,TIENDA006,1.6712328767123288,1.132132997571786,610,49.94,6.62,43.31,19.0,37.0,26.0,6.0,36.690000000000005
HM000030,Abrigos,Basico,TIENDA001,1.5808219178082192,0.9789905002186129,577,46.91,44.26,71.58,11.0,25.0,24.0,47.0,27.319999999999997
HM000030,Abrigos,Basico,TIENDA002,1.5808219178082192,0.9789905002186129,577,46.91,44.26,71.58,11.0,93.0,20.0,22.0,27.319999999999997
HM000030,Abrigos,Basico,TIENDA003,1.5808219178082192,0.9789905002186129,577,46.91,44.26,71.58,11.0,53.0,22.0,43.0,27.319999999999997
HM000030,Abrigos,Basico,TIENDA004,1.5808219178082192,0.9789905002186129,577,46.91,44.26,71.58,11.0,32.0,13.0,4.0,27.319999999999997
HM000030,Abrigos,Basico,TIENDA005,1.5808219178082192,0.9789905002186129,577,46.91,44.26,71.58,11.0,54.0,27.0,11.0,27.319999999999997
HM000030,Abrigos,Basico,TIENDA006,1.5808219178082192,0.9789905002186129,577,46.91,44.26,71.58,11.0,37.0,25.0,9.0,27.319999999999997
HM000031,Accesorios,Basico,TIENDA001,1.5205479452054795,0.9508467747440149,555,98.94,42.07,95.81,19.0,64.0,15.0,33.0,53.74000000000001
HM000031,Accesorios,Basico,TIENDA002,1.5205479452054795,0.9508467747440149,555,98.94,42.07,95.81,19.0,30.0,27.0,14.0,53.74000000000001
HM000031,Accesorios,Basico,TIENDA003,1.5205479452054795,0.9508467747440149,555,98.94,42.07,95.81,19.0,77.0,20.0,41.0,53.74000000000001
HM000031,Accesorios,Basico,TIENDA004,1.5205479452054795,0.9508467747440149,555,98.94,42.07,95.81,19.0,39.0,26.0,18.0,53.74000000000001
HM000031,Accesorios,Basico,TIENDA005,1.5205479452054795,0.9508467747440149,555,98.94,42.07,95.81,19.0,33.0,26.0,49.0,53.74000000000001
HM000031,Accesorios,Basico,TIENDA006,1.5205479452054795,0.9508467747440149,555,98.94,42.07,95.81,19.0,82.0,18.0,38.0,53.74000000000001
HM000032,Vestidos,Basico,TIENDA001,1.452054794520548,0.7420104833685791,530,74.71,43.38,36.71,8.0,27.0,17.0,22.0,-6.670000000000002
HM000032,Vestidos,Basico,TIENDA002,1.452054794520548,0.7420104833685791,530,74.71,43.38,36.71,8.0,65.0,16.0,2.0,-6.670000000000002
HM000032,Vestidos,Basico,TIENDA003,1.452054794520548,0.7420104833685791,530,74.71,43.38,36.71,8.0,75.0,18.0,34.0,-6.670000000000002
HM000032,Vestidos,Basico,TIENDA004,1.452054794520548,0.7420104833685791,530,74.71,43.38,36.71,8.0,40.0,13.0,31.0,-6.670000000000002
HM000032,Vestidos,Basico,TIENDA005,1.452054794520548,0.7420104833685791,530,74.71,43.38,36.71,8.0,4.0,21.0,36.0,-6.670000000000002
HM000032,Vestidos,Basico,TIENDA006,1.452054794520548,0.7420104833685791,530,74.71,43.38,36.71,8.0,19.0,16.0,8.0,-6.670000000000002
HM000033,Camisetas,Premium,TIENDA001,1.6575342465753424,1.0744175278894321,605,68.63,30.41,82.05,14.0,73.0,12.0,0.0,51.63999999999999
HM000033,Camisetas,Premium,TIENDA002,1.6575342465753424,1.0744175278894321,605,68.63,30.41,82.05,14.0,72.0,26.0,49.0,51.63999999999999
HM000033,Camisetas,Premium,TIENDA003,1.6575342465753424,1.0744175278894321,605,68.63,30.41,82.05,14.0,61.0,23.0,35.0,51.63999999999999
HM000033,Camisetas,Premium,TIENDA004,1.6575342465753424,1.0744175278894321,605,68.63,30.41,82.05,14.0,21.0,20.0,34.0,51.63999999999999
HM000033,Camisetas,Premium,TIENDA005,1.6575342465753424,1.0744175278894321,605,68.63,30.41,82.05,14.0,37.0,17.0,35.0,51.63999999999999
HM000033,Camisetas,Premium,TIENDA006,1.6575342465753424,1.0744175278894321,605,68.63,30.41,82.05,14.0,9.0,17.0,11.0,51.63999999999999
HM000034,Camisetas,Basico,TIENDA001,1.7232876712328766,1.274272098613019,629,93.08999999999999,18.68,23.42,8.0,64.0,17.0,19.0,4.740000000000002
HM000034,Camisetas,Basico,TIENDA002,1.7232876712328766,1.274272098613019,629,93.08999999999999,18.68,23.42,8.0,1.0,15.0,33.0,4.740000000000002
HM000034,Camisetas,Basico,TIENDA003,1.7232876712328766,1.274272098613019,629,93.08999999999999,18.68,23.42,8.0,18.0,24.0,41.0,4.740000000000002
HM000034,Camisetas,Basico,TIENDA004,1.7232876712328766,1.274272098613019,629,93.08999999999999,18.68,23.42,8.0,21.0,22.0,24.0,4.740000000000002
HM000034,Camisetas,Basico,TIENDA005,1.7232876712328766,1.274272098613019,629,93.08999999999999,18.68,23.42,8.0,18.0,24.0,36.0,4.740000000000002
HM000034,Camisetas,Basico,TIENDA006,1.7232876712328766,1.274272098613019,629,93.08999999999999,18.68,23.42,8.0,1.0,24.0,22.0,4.740000000000002
HM000035,Camisetas,Temporada,TIENDA001,1.7342465753424658,1.2809057554785925,633,25.6,17.62,98.11,19.0,14.0,24.0,1.0,80.49
HM000035,Camisetas,Temporada,TIENDA002,1.7342465753424658,1.2809057554785925,633,25.6,17.62,98.11,19.0,82.0,20.0,23.0,80.49
HM000035,Camisetas,Temporada,TIENDA003,1.7342465753424658,1.2809057554785925,633,25.6,17.62,98.11,19.0,53.0,18.0,46.0,80.49
HM000035,Camisetas,Temporada,TIENDA004,1.7342465753424658,1.2809057554785925,633,25.6,17.62,98.11,19.0,63.0,20.0,45.0,80.49
HM000035,Camisetas,Temporada,TIENDA005,1.7342465753424658,1.2809057554785925,633,25.6,17.62,98.11,19.0,21.0,28.0,10.0,80.49
HM000035,Camisetas,Temporada,TIENDA006,1.7342465753424658,1.2809057554785925,633,25.6,17.62,98.11,19.0,7.0,20.0,14.0,80.49
HM000036,Abrigos,Temporada,TIENDA001,1.6986301369863013,1.1079747327578935,620,44.72,12.119999999999997,49.1,9.0,94.0,15.0,16.0,36.98
HM000036,Abrigos,Temporada,TIENDA002,1.6986301369863013,1.1079747327578935,620,44.72,12.119999999999997,49.1,9.0,39.0,26.0,10.0,36.98
HM000036,Abrigos,Temporada,TIENDA003,1.6986301369863013,1.1079747327578935,620,44.72,12.119999999999997,49.1,9.0,4.0,21.0,12.0,36.98
HM000036,Abrigos,Temporada,TIENDA004,1.6986301369863013,1.1079747327578935,620,44.72,12.119999999999997,49.1,9.0,1.0,21.0,11.0,36.98
HM000036,Abrigos,Temporada,TIENDA005,1.6986301369863013,1.1079747327578935,620,44.72,12.119999999999997,49.1,9.0,45.0,23.0,23.0,36.98
HM000036,Abrigos,Temporada,TIENDA006,1.6986301369863013,1.1079747327578935,620,44.72,12.119999999999997,49.1,9.0,29.0,17.0,2.0,36.98
HM000037,Camisetas,Premium,TIENDA001,1.547945205479452,0.8870418782067786,565,26.95,5.38,58.9,20.0,80.0,23.0,49.0,53.52000000000001
HM000037,Camisetas,Premium,TIENDA002,1.547945205479452,0.8870418782067786,565,26.95,5.38,58.9,20.0,29.0,25.0,40.0,53.52000000000001
HM000037,Camisetas,Premium,TIENDA003,1.547945205479452,0.8870418782067786,565,26.95,5.38,58.9,20.0,15.0,18.0,39.0,53.52000000000001
HM000037,Camisetas,Premium,TIENDA004,1.547945205479452,0.8870418782067786,565,26.95,5.38,58.9,20.0,65.0,20.0,26.0,53.52000000000001
HM000037,Camisetas,Premium,TIENDA005,1.547945205479452,0.8870418782067786,565,26.95,5.38,58.9,20.0,74.0,15.0,7.0,53.52000000000001
HM000037,Camisetas,Premium,TIENDA006,1.547945205479452,0.8870418782067786,565,26.95,5.38,58.9,20.0,6.0,19.0,46.0,53.52000000000001
HM000038,Pantalones,Basico,TIENDA001,1.8,1.330537361493344,657,27.55,24.010000000000005,99.92,13.0,21.0,22.0,36.0,75.91
HM000038,Pantalones,Basico,TIENDA002,1.8,1.330537361493344,657,27.55,24.010000000000005,99.92,13.0,35.0,24.0,2.0,75.91
HM000038,Pantalones,Basico,TIENDA003,1.8,1.330537361493344,657,27.55,24.010000000000005,99.92,13.0,29.0,23.0,40.0,75.91
HM000038,Pantalones,Basico,TIENDA004,1.8,1.330537361493344,657,27.55,24.010000000000005,99.92,13.0,19.0,27.0,10.0,75.91
HM000038,Pantalones,Basico,TIENDA005,1.8,1.330537361493344,657,27.55,24.010000000000005,99.92,13.0,48.0,20.0,1.0,75.91
HM000038,Pantalones,Basico,TIENDA006,1.8,1.330537361493344,657,27.55,24.010000000000005,99.92,13.0,17.0,17.0,1.0,75.91
HM000039,Pantalones,Premium,TIENDA001,1.6986301369863013,1.186982177519363,620,85.37,21.67,69.16,7.0,50.0,20.0,47.0,47.49000000000001
HM000039,Pantalones,Premium,TIENDA002,1.6986301369863013,1.186982177519363,620,85.37,21.67,69.16,7.0,15.0,16.0,2.0,47.49000000000001
HM000039,Pantalones,Premium,TIENDA003,1.6986301369863013,1.186982177519363,620,85.37,21.67,69.16,7.0,93.0,15.0,7.0,47.49000000000001
HM000039,Pantalones,Premium,TIENDA004,1.6986301369863013,1.186982177519363,620,85.37,21.67,69.16,7.0,25.0,24.0,27.0,47.49000000000001
HM000039,Pantalones,Premium,TIENDA005,1.6986301369863013,1.186982177519363,620,85.37,21.67,69.16,7.0,52.0,23.0,15.0,47.49000000000001
HM000039,Pantalones,Premium,TIENDA006,1.6986301369863013,1.186982177519363,620,85.37,21.67,69.16,7.0,86.0,22.0,11.0,47.49000000000001
HM000040,Vestidos,Basico,TIENDA001,1.7178082191780821,1.2424875865293425,627,59.59,20.95,95.56,17.0,2.0,21.0,20.0,74.61
HM000040,Vestidos,Basico,TIENDA002,1.7178082191780821,1.2424875865293425,627,59.59,20.95,95.56,17.0,52.0,11.0,22.0,74.61
HM000040,Vestidos,Basico,TIENDA003,1.7178082191780821,1.2424875865293425,627,59.59,20.95,95.56,17.0,2.0,19.0,8.0,74.61
HM000040,Vestidos,Basico,TIENDA004,1.7178082191780821,1.2424875865293425,627,59.59,20.95,95.56,17.0,14.0,28.0,25.0,74.61
HM000040,Vestidos,Basico,TIENDA005,1.7178082191780821,1.2424875865293425,627,59.59,20.95,95.56,17.0,82.0,27.0,34.0,74.61
HM000040,Vestidos,Basico,TIENDA006,1.7178082191780821,1.2424875865293425,627,59.59,20.95,95.56,17.0,21.0,22.0,23.0,74.61
HM000041,Accesorios,Premium,TIENDA001,1.5780821917808219,1.080578621878629,576,46.50999999999999,18.83,71.15,11.0,2.0,16.0,18.0,52.32000000000001
HM000041,Accesorios,Premium,TIENDA002,1.5780821917808219,1.080578621878629,576,46.50999999999999,18.83,71.15,11.0,32.0,24.0,6.0,52.32000000000001
HM000041,Accesorios,Premium,TIENDA003,1.5780821917808219,1.080578621878629,576,46.50999999999999,18.83,71.15,11.0,94.0,30.0,0.0,52.32000000000001
HM000041,Accesorios,Premium,TIENDA004,1.5780821917808219,1.080578621878629,576,46.50999999999999,18.83,71.15,11.0,44.0,16.0,8.0,52.32000000000001
HM000041,Accesorios,Premium,TIENDA005,1.5780821917808219,1.080578621878629,576,46.50999999999999,18.83,71.15,11.0,27.0,14.0,6.0,52.32000000000001
HM000041,Accesorios,Premium,TIENDA006,1.5780821917808219,1.080578621878629,576,46.50999999999999,18.83,71.15,11.0,84.0,27.0,5.0,52.32000000000001
HM000042,Vestidos,Basico,TIENDA001,1.4219178082191781,0.743145707567837,519,66.68,23.08,43.27,17.0,15.0,22.0,33.0,20.190000000000005
HM000042,Vestidos,Basico,TIENDA002,1.4219178082191781,0.743145707567837,519,66.68,23.08,43.27,17.0,37.0,10.0,30.0,20.190000000000005
HM000042,Vestidos,Basico,TIENDA003,1.4219178082191781,0.743145707567837,519,66.68,23.08,43.27,17.0,60.0,21.0,28.0,20.190000000000005
HM000042,Vestidos,Basico,TIENDA004,1.4219178082191781,0.743145707567837,519,66.68,23.08,43.27,17.0,45.0,17.0,35.0,20.190000000000005
HM000042,Vestidos,Basico,TIENDA005,1.4219178082191781,0.743145707567837,519,66.68,23.08,43.27,17.0,87.0,23.0,41.0,20.190000000000005
HM000042,Vestidos,Basico,TIENDA006,1.4219178082191781,0.743145707567837,519,66.68,23.08,43.27,17.0,48.0,19.0,46.0,20.190000000000005
HM000043,Camisetas,Temporada,TIENDA001,1.4273972602739726,0.7691261407091449,521,97.64,40.63,96.86,18.0,49.0,24.0,25.0,56.22999999999999
HM000043,Camisetas,Temporada,TIENDA002,1.4273972602739726,0.7691261407091449,521,97.64,40.63,96.86,18.0,74.0,18.0,10.0,56.22999999999999
HM000043,Camisetas,Temporada,TIENDA003,1.4273972602739726,0.7691261407091449,521,97.64,40.63,96.86,18.0,68.0,16.0,31.0,56.22999999999999
HM000043,Camisetas,Temporada,TIENDA004,1.4273972602739726,0.7691261407091449,521,97.64,40.63,96.86,18.0,22.0,22.0,42.0,56.22999999999999
HM000043,Camisetas,Temporada,TIENDA005,1.4273972602739726,0.7691261407091449,521,97.64,40.63,96.86,18.0,63.0,24.0,18.0,56.22999999999999
HM000043,Camisetas,Temporada,TIENDA006,1.4273972602739726,0.7691261407091449,521,97.64,40.63,96.86,18.0,89.0,24.0,30.0,56.22999999999999
HM000044,Camisetas,Temporada,TIENDA001,1.4794520547945205,0.8566095485759107,540,27.209999999999997,11.4,93.36,11.0,83.0,15.0,2.0,81.96
HM000044,Camisetas,Temporada,TIENDA002,1.4794520547945205,0.8566095485759107,540,27.209999999999997,11.4,93.36,11.0,87.0,19.0,48.0,81.96
HM000044,Camisetas,Temporada,TIENDA003,1.4794520547945205,0.8566095485759107,540,27.209999999999997,11.4,93.36,11.0,51.0,15.0,13.0,81.96
HM000044,Camisetas,Temporada,TIENDA004,1.4794520547945205,0.8566095485759107,540,27.209999999999997,11.4,93.36,11.0,87.0,23.0,40.0,81.96
HM000044,Camisetas,Temporada,TIENDA005,1.4794520547945205,0.8566095485759107,540,27.209999999999997,11.4,93.36,11.0,90.0,14.0,4.0,81.96
HM000044,Camisetas,Temporada,TIENDA006,1.4794520547945205,0.8566095485759107,540,27.209999999999997,11.4,93.36,11.0,15.0,17.0,36.0,81.96
HM000045,Accesorios,Temporada,TIENDA001,1.4219178082191781,0.7897430684121719,519,90.97000000000001,29.739999999999995,47.12,17.0,77.0,21.0,12.0,17.38
HM000045,Accesorios,Temporada,TIENDA002,1.4219178082191781,0.7897430684121719,519,90.97000000000001,29.739999999999995,47.12,17.0,59.0,10.0,18.0,17.38
HM000045,Accesorios,Temporada,TIENDA003,1.4219178082191781,0.7897430684121719,519,90.97000000000001,29.739999999999995,47.12,17.0,6.0,26.0,22.0,17.38
HM000045,Accesorios,Temporada,TIENDA004,1.4219178082191781,0.7897430684121719,519,90.97000000000001,29.739999999999995,47.12,17.0,28.0,21.0,20.0,17.38
HM000045,Accesorios,Temporada,TIENDA005,1.4219178082191781,0.7897430684121719,519,90.97000000000001,29.739999999999995,47.12,17.0,17.0,20.0,21.0,17.38
HM000045,Accesorios,Temporada,TIENDA006,1.4219178082191781,0.7897430684121719,519,90.97000000000001,29.739999999999995,47.12,17.0,58.0,22.0,26.0,17.38
HM000046,Accesorios,Premium,TIENDA001,1.526027397260274,0.8723511550452986,557,91.29000000000002,10.29,76.44,16.0,7.0,14.0,23.0,66.15
HM000046,Accesorios,Premium,TIENDA002,1.526027397260274,0.8723511550452986,557,91.29000000000002,10.29,76.44,16.0,82.0,20.0,39.0,66.15
HM000046,Accesorios,Premium,TIENDA003,1.526027397260274,0.8723511550452986,557,91.29000000000002,10.29,76.44,16.0,30.0,21.0,25.0,66.15
HM000046,Accesorios,Premium,TIENDA004,1.526027397260274,0.8723511550452986,557,91.29000000000002,10.29,76.44,16.0,86.0,23.0,3.0,66.15
HM000046,Accesorios,Premium,TIENDA005,1.526027397260274,0.8723511550452986,557,91.29000000000002,10.29,76.44,16.0,23.0,29.0,28.0,66.15
HM000046,Accesorios,Premium,TIENDA006,1.526027397260274,0.8723511550452986,557,91.29000000000002,10.29,76.44,16.0,60.0,15.0,12.0,66.15
HM000047,Pantalones,Basico,TIENDA001,1.6493150684931508,1.0933268223953072,602,72.99,19.1,82.98,16.0,37.0,19.0,17.0,63.88
HM000047,Pantalones,Basico,TIENDA002,1.6493150684931508,1.0933268223953072,602,72.99,19.1,82.98,16.0,62.0,24.0,32.0,63.88
HM000047,Pantalones,Basico,TIENDA003,1.6493150684931508,1.0933268223953072,602,72.99,19.1,82.98,16.0,35.0,16.0,10.0,63.88
HM000047,Pantalones,Basico,TIENDA004,1.6493150684931508,1.0933268223953072,602,72.99,19.1,82.98,16.0,91.0,17.0,49.0,63.88
HM000047,Pantalones,Basico,TIENDA005,1.6493150684931508,1.0933268223953072,602,72.99,19.1,82.98,16.0,12.0,31.0,13.0,63.88
HM000047,Pantalones,Basico,TIENDA006,1.6493150684931508,1.0933268223953072,602,72.99,19.1,82.98,16.0,50.0,20.0,9.0,63.88
HM000048,Pantalones,Premium,TIENDA001,1.4904109589041097,0.8072753631614706,544,64.2,28.15,37.7,18.0,58.0,16.0,26.0,9.550000000000004
HM000048,Pantalones,Premium,TIENDA002,1.4904109589041097,0.8072753631614706,544,64.2,28.15,37.7,18.0,7.0,14.0,36.0,9.550000000000004
HM000048,Pantalones,Premium,TIENDA003,1.4904109589041097,0.8072753631614706,544,64.2,28.15,37.7,18.0,51.0,22.0,46.0,9.550000000000004
HM000048,Pantalones,Premium,TIENDA004,1.4904109589041097,0.8072753631614706,544,64.2,28.15,37.7,18.0,67.0,24.0,30.0,9.550000000000004
HM000048,Pantalones,Premium,TIENDA005,1.4904109589041097,0.8072753631614706,544,64.2,28.15,37.7,18.0,66.0,17.0,5.0,9.550000000000004
HM000048,Pantalones,Premium,TIENDA006,1.4904109589041097,0.8072753631614706,544,64.2,28.15,37.7,18.0,69.0,18.0,34.0,9.550000000000004
HM000049,Vestidos,Temporada,TIENDA001,1.7095890410958905,1.337556035958914,624,76.12,31.69,72.45,17.0,79.0,18.0,31.0,40.760000000000005
HM000049,Vestidos,Temporada,TIENDA002,1.7095890410958905,1.337556035958914,624,76.12,31.69,72.45,17.0,0.0,17.0,38.0,40.760000000000005
HM000049,Vestidos,Temporada,TIENDA003,1.7095890410958905,1.337556035958914,624,76.12,31.69,72.45,17.0,30.0,19.0,20.0,40.760000000000005
HM000049,Vestidos,Temporada,TIENDA004,1.7095890410958905,1.337556035958914,624,76.12,31.69,72.45,17.0,23.0,19.0,49.0,40.760000000000005
HM000049,Vestidos,Temporada,TIENDA005,1.7095890410958905,1.337556035958914,624,76.12,31.69,72.45,17.0,13.0,28.0,45.0,40.760000000000005
HM000049,Vestidos,Temporada,TIENDA006,1.7095890410958905,1.337556035958914,624,76.12,31.69,72.45,17.0,32.0,19.0,39.0,40.760000000000005
HM000050,Pantalones,Premium,TIENDA001,1.610958904109589,1.0037788004209993,588,65.08,16.47,58.25999999999999,11.0,33.0,18.0,6.0,41.79
HM000050,Pantalones,Premium,TIENDA002,1.610958904109589,1.0037788004209993,588,65.08,16.47,58.25999999999999,11.0,18.0,16.0,11.0,41.79
HM000050,Pantalones,Premium,TIENDA003,1.610958904109589,1.0037788004209993,588,65.08,16.47,58.25999999999999,11.0,40.0,17.0,20.0,41.79
HM000050,Pantalones,Premium,TIENDA004,1.610958904109589,1.0037788004209993,588,65.08,16.47,58.25999999999999,11.0,87.0,28.0,38.0,41.79
HM000050,Pantalones,Premium,TIENDA005,1.610958904109589,1.0037788004209993,588,65.08,16.47,58.25999999999999,11.0,6.0,17.0,30.0,41.79
HM000050,Pantalones,Premium,TIENDA006,1.610958904109589,1.0037788004209993,588,65.08,16.47,58.25999999999999,11.0,14.0,22.0,31.0,41.79
HM000051,Vestidos,Basico,TIENDA001,1.7643835616438357,1.2641908613002115,644,51.830000000000005,48.59,20.63,9.0,79.0,16.0,30.0,-27.960000000000004
HM000051,Vestidos,Basico,TIENDA002,1.7643835616438357,1.2641908613002115,644,51.830000000000005,48.59,20.63,9.0,37.0,20.0,9.0,-27.960000000000004
HM000051,Vestidos,Basico,TIENDA003,1.7643835616438357,1.2641908613002115,644,51.830000000000005,48.59,20.63,9.0,48.0,28.0,30.0,-27.960000000000004
HM000051,Vestidos,Basico,TIENDA004,1.7643835616438357,1.2641908613002115,644,51.830000000000005,48.59,20.63,9.0,61.0,19.0,6.0,-27.960000000000004
HM000051,Vestidos,Basico,TIENDA005,1.7643835616438357,1.2641908613002115,644,51.830000000000005,48.59,20.63,9.0,40.0,11.0,25.0,-27.960000000000004
HM000051,Vestidos,Basico,TIENDA006,1.7643835616438357,1.2641908613002115,644,51.830000000000005,48.59,20.63,9.0,13.0,16.0,38.0,-27.960000000000004
HM000052,Vestidos,Temporada,TIENDA001,1.4904109589041097,0.8038650424498999,544,97.06,49.93,81.04,10.0,50.0,10.0,7.0,31.11000000000001
HM000052,Vestidos,Temporada,TIENDA002,1.4904109589041097,0.8038650424498999,544,97.06,49.93,81.04,10.0,58.0,15.0,18.0,31.11000000000001
HM000052,Vestidos,Temporada,TIENDA003,1.4904109589041097,0.8038650424498999,544,97.06,49.93,81.04,10.0,98.0,19.0,14.0,31.11000000000001
HM000052,Vestidos,Temporada,TIENDA004,1.4904109589041097,0.8038650424498999,544,97.06,49.93,81.04,10.0,21.0,20.0,26.0,31.11000000000001
HM000052,Vestidos,Temporada,TIENDA005,1.4904109589041097,0.8038650424498999,544,97.06,49.93,81.04,10.0,38.0,11.0,49.0,31.11000000000001
HM000052,Vestidos,Temporada,TIENDA006,1.4904109589041097,0.8038650424498999,544,97.06,49.93,81.04,10.0,69.0,35.0,17.0,31.11000000000001
HM000053,Camisetas,Premium,TIENDA001,1.5123287671232877,0.8944187758317068,552,39.15,45.07,48.86000000000001,9.0,18.0,13.0,32.0,3.789999999999999
HM000053,Camisetas,Premium,TIENDA002,1.5123287671232877,0.8944187758317068,552,39.15,45.07,48.86000000000001,9.0,25.0,22.0,34.0,3.789999999999999
HM000053,Camisetas,Premium,TIENDA003,1.5123287671232877,0.8944187758317068,552,39.15,45.07,48.86000000000001,9.0,99.0,20.0,4.0,3.789999999999999
HM000053,Camisetas,Premium,TIENDA004,1.5123287671232877,0.8944187758317068,552,39.15,45.07,48.86000000000001,9.0,63.0,20.0,23.0,3.789999999999999
HM000053,Camisetas,Premium,TIENDA005,1.5123287671232877,0.8944187758317068,552,39.15,45.07,48.86000000000001,9.0,61.0,21.0,45.0,3.789999999999999
HM000053,Camisetas,Premium,TIENDA006,1.5123287671232877,0.8944187758317068,552,39.15,45.07,48.86000000000001,9.0,59.0,23.0,4.0,3.789999999999999
HM000054,Accesorios,Basico,TIENDA001,1.6027397260273972,1.0708388160612416,585,70.13,40.24,39.2,15.0,54.0,23.0,20.0,-1.0399999999999991
HM000054,Accesorios,Basico,TIENDA002,1.6027397260273972,1.0708388160612416,585,70.13,40.24,39.2,15.0,29.0,27.0,40.0,-1.0399999999999991
HM000054,Accesorios,Basico,TIENDA003,1.6027397260273972,1.0708388160612416,585,70.13,40.24,39.2,15.0,58.0,24.0,11.0,-1.0399999999999991
HM000054,Accesorios,Basico,TIENDA004,1.6027397260273972,1.0708388160612416,585,70.13,40.24,39.2,15.0,28.0,23.0,35.0,-1.0399999999999991
HM000054,Accesorios,Basico,TIENDA005,1.6027397260273972,1.0708388160612416,585,70.13,40.24,39.2,15.0,23.0,22.0,3.0,-1.0399999999999991
HM000054,Accesorios,Basico,TIENDA006,1.6027397260273972,1.0708388160612416,585,70.13,40.24,39.2,15.0,81.0,27.0,37.0,-1.0399999999999991
HM000055,Pantalones,Premium,TIENDA001,1.4684931506849315,0.810114072880685,536,32.57,23.47,23.33,14.0,90.0,16.0,22.0,-0.1400000000000005
HM000055,Pantalones,Premium,TIENDA002,1.4684931506849315,0.810114072880685,536,32.57,23.47,23.33,14.0,67.0,14.0,27.0,-0.1400000000000005
HM000055,Pantalones,Premium,TIENDA003,1.4684931506849315,0.810114072880685,536,32.57,23.47,23.33,14.0,4.0,22.0,29.0,-0.1400000000000005
HM000055,Pantalones,Premium,TIENDA004,1.4684931506849315,0.810114072880685,536,32.57,23.47,23.33,14.0,94.0,22.0,18.0,-0.1400000000000005
HM000055,Pantalones,Premium,TIENDA005,1.4684931506849315,0.810114072880685,536,32.57,23.47,23.33,14.0,65.0,23.0,42.0,-0.1400000000000005
HM000055,Pantalones,Premium,TIENDA006,1.4684931506849315,0.810114072880685,536,32.57,23.47,23.33,14.0,62.0,31.0,30.0,-0.1400000000000005
HM000056,Pantalones,Premium,TIENDA001,1.7232876712328766,1.2259242474249818,629,78.87,47.47,44.45,19.0,46.0,17.0,44.0,-3.019999999999996
HM000056,Pantalones,Premium,TIENDA002,1.7232876712328766,1.2259242474249818,629,78.87,47.47,44.45,19.0,20.0,21.0,16.0,-3.019999999999996
HM000056,Pantalones,Premium,TIENDA003,1.7232876712328766,1.2259242474249818,629,78.87,47.47,44.45,19.0,64.0,21.0,26.0,-3.019999999999996
HM000056,Pantalones,Premium,TIENDA004,1.7232876712328766,1.2259242474249818,629,78.87,47.47,44.45,19.0,18.0,17.0,49.0,-3.019999999999996
HM000056,Pantalones,Premium,TIENDA005,1.7232876712328766,1.2259242474249818,629,78.87,47.47,44.45,19.0,77.0,18.0,48.0,-3.019999999999996
HM000056,Pantalones,Premium,TIENDA006,1.7232876712328766,1.2259242474249818,629,78.87,47.47,44.45,19.0,12.0,12.0,48.0,-3.019999999999996
HM000057,Accesorios,Premium,TIENDA001,1.6876712328767123,1.2025551100528133,616,15.33,43.27,18.99,20.0,15.0,25.0,46.0,-24.28000000000001
HM000057,Accesorios,Premium,TIENDA002,1.6876712328767123,1.2025551100528133,616,15.33,43.27,18.99,20.0,92.0,20.0,12.0,-24.28000000000001
HM000057,Accesorios,Premium,TIENDA003,1.6876712328767123,1.2025551100528133,616,15.33,43.27,18.99,20.0,90.0,20.0,42.0,-24.28000000000001
HM000057,Accesorios,Premium,TIENDA004,1.6876712328767123,1.2025551100528133,616,15.33,43.27,18.99,20.0,83.0,23.0,14.0,-24.28000000000001
HM000057,Accesorios,Premium,TIENDA005,1.6876712328767123,1.2025551100528133,616,15.33,43.27,18.99,20.0,7.0,21.0,7.0,-24.28000000000001
HM000057,Accesorios,Premium,TIENDA006,1.6876712328767123,1.2025551100528133,616,15.33,43.27,18.99,20.0,79.0,21.0,18.0,-24.28000000000001
HM000058,Camisetas,Temporada,TIENDA001,1.5342465753424657,0.8907675382306186,560,87.76,32.86,36.9,9.0,47.0,18.0,14.0,4.039999999999999
HM000058,Camisetas,Temporada,TIENDA002,1.5342465753424657,0.8907675382306186,560,87.76,32.86,36.9,9.0,62.0,20.0,30.0,4.039999999999999
HM000058,Camisetas,Temporada,TIENDA003,1.5342465753424657,0.8907675382306186,560,87.76,32.86,36.9,9.0,95.0,14.0,47.0,4.039999999999999
HM000058,Camisetas,Temporada,TIENDA004,1.5342465753424657,0.8907675382306186,560,87.76,32.86,36.9,9.0,63.0,19.0,31.0,4.039999999999999
HM000058,Camisetas,Temporada,TIENDA005,1.5342465753424657,0.8907675382306186,560,87.76,32.86,36.9,9.0,66.0,24.0,11.0,4.039999999999999
HM000058,Camisetas,Temporada,TIENDA006,1.5342465753424657,0.8907675382306186,560,87.76,32.86,36.9,9.0,21.0,20.0,8.0,4.039999999999999
HM000059,Pantalones,Temporada,TIENDA001,1.5917808219178082,1.1170203477661003,581,49.72,45.45,26.5,10.0,92.0,23.0,31.0,-18.950000000000003
HM000059,Pantalones,Temporada,TIENDA002,1.5917808219178082,1.1170203477661003,581,49.72,45.45,26.5,10.0,89.0,23.0,2.0,-18.950000000000003
HM000059,Pantalones,Temporada,TIENDA003,1.5917808219178082,1.1170203477661003,581,49.72,45.45,26.5,10.0,68.0,26.0,48.0,-18.950000000000003
HM000059,Pantalones,Temporada,TIENDA004,1.5917808219178082,1.1170203477661003,581,49.72,45.45,26.5,10.0,11.0,24.0,38.0,-18.950000000000003
HM000059,Pantalones,Temporada,TIENDA005,1.5917808219178082,1.1170203477661003,581,49.72,45.45,26.5,10.0,13.0,12.0,5.0,-18.950000000000003
HM000059,Pantalones,Temporada,TIENDA006,1.5917808219178082,1.1170203477661003,581,49.72,45.45,26.5,10.0,2.0,22.0,25.0,-18.950000000000003
HM000060,Pantalones,Basico,TIENDA001,1.4986301369863013,0.7936030560851743,547,80.73,46.56,60.13,20.0,72.0,23.0,13.0,13.57
HM000060,Pantalones,Basico,TIENDA002,1.4986301369863013,0.7936030560851743,547,80.73,46.56,60.13,20.0,24.0,19.0,46.0,13.57
HM000060,Pantalones,Basico,TIENDA003,1.4986301369863013,0.7936030560851743,547,80.73,46.56,60.13,20.0,1.0,15.0,29.0,13.57
HM000060,Pantalones,Basico,TIENDA004,1.4986301369863013,0.7936030560851743,547,80.73,46.56,60.13,20.0,70.0,17.0,14.0,13.57
HM000060,Pantalones,Basico,TIENDA005,1.4986301369863013,0.7936030560851743,547,80.73,46.56,60.13,20.0,2.0,17.0,20.0,13.57
HM000060,Pantalones,Basico,TIENDA006,1.4986301369863013,0.7936030560851743,547,80.73,46.56,60.13,20.0,93.0,24.0,6.0,13.57
HM000061,Pantalones,Basico,TIENDA001,1.5863013698630137,0.9586670961467187,579,26.19,16.98,96.91000000000001,13.0,30.0,11.0,10.0,79.92999999999999
HM000061,Pantalones,Basico,TIENDA002,1.5863013698630137,0.9586670961467187,579,26.19,16.98,96.91000000000001,13.0,54.0,19.0,36.0,79.92999999999999
HM000061,Pantalones,Basico,TIENDA003,1.5863013698630137,0.9586670961467187,579,26.19,16.98,96.91000000000001,13.0,24.0,24.0,34.0,79.92999999999999
HM000061,Pantalones,Basico,TIENDA004,1.5863013698630137,0.9586670961467187,579,26.19,16.98,96.91000000000001,13.0,54.0,14.0,14.0,79.92999999999999
HM000061,Pantalones,Basico,TIENDA005,1.5863013698630137,0.9586670961467187,579,26.19,16.98,96.91000000000001,13.0,82.0,26.0,18.0,79.92999999999999
HM000061,Pantalones,Basico,TIENDA006,1.5863013698630137,0.9586670961467187,579,26.19,16.98,96.91000000000001,13.0,75.0,17.0,34.0,79.92999999999999
HM000062,Pantalones,Basico,TIENDA001,1.6712328767123288,1.1026291571769775,610,28.370000000000005,21.83,57.72,10.0,91.0,21.0,39.0,35.89
HM000062,Pantalones,Basico,TIENDA002,1.6712328767123288,1.1026291571769775,610,28.370000000000005,21.83,57.72,10.0,30.0,15.0,44.0,35.89
HM000062,Pantalones,Basico,TIENDA003,1.6712328767123288,1.1026291571769775,610,28.370000000000005,21.83,57.72,10.0,38.0,16.0,22.0,35.89
HM000062,Pantalones,Basico,TIENDA004,1.6712328767123288,1.1026291571769775,610,28.370000000000005,21.83,57.72,10.0,81.0,23.0,11.0,35.89
HM000062,Pantalones,Basico,TIENDA005,1.6712328767123288,1.1026291571769775,610,28.370000000000005,21.83,57.72,10.0,16.0,19.0,49.0,35.89
HM000062,Pantalones,Basico,TIENDA006,1.6712328767123288,1.1026291571769775,610,28.370000000000005,21.83,57.72,10.0,95.0,22.0,42.0,35.89
HM000063,Accesorios,Temporada,TIENDA001,1.4904109589041097,0.8758299648631009,544,82.7,47.6,80.26,16.0,47.0,14.0,6.0,32.660000000000004
HM000063,Accesorios,Temporada,TIENDA002,1.4904109589041097,0.8758299648631009,544,82.7,47.6,80.26,16.0,43.0,20.0,48.0,32.660000000000004
HM000063,Accesorios,Temporada,TIENDA003,1.4904109589041097,0.8758299648631009,544,82.7,47.6,80.26,16.0,55.0,19.0,45.0,32.660000000000004
HM000063,Accesorios,Temporada,TIENDA004,1.4904109589041097,0.8758299648631009,544,82.7,47.6,80.26,16.0,85.0,18.0,48.0,32.660000000000004
HM000063,Accesorios,Temporada,TIENDA005,1.4904109589041097,0.8758299648631009,544,82.7,47.6,80.26,16.0,58.0,24.0,9.0,32.660000000000004
HM000063,Accesorios,Temporada,TIENDA006,1.4904109589041097,0.8758299648631009,544,82.7,47.6,80.26,16.0,6.0,29.0,17.0,32.660000000000004
HM000064,Accesorios,Temporada,TIENDA001,1.5835616438356164,0.987144524783721,578,91.93,33.24,77.93,15.0,91.0,25.0,27.0,44.690000000000005
HM000064,Accesorios,Temporada,TIENDA002,1.5835616438356164,0.987144524783721,578,91.93,33.24,77.93,15.0,50.0,30.0,33.0,44.690000000000005
HM000064,Accesorios,Temporada,TIENDA003,1.5835616438356164,0.987144524783721,578,91.93,33.24,77.93,15.0,81.0,24.0,48.0,44.690000000000005
HM000064,Accesorios,Temporada,TIENDA004,1.5835616438356164,0.987144524783721,578,91.93,33.24,77.93,15.0,67.0,19.0,43.0,44.690000000000005
HM000064,Accesorios,Temporada,TIENDA005,1.5835616438356164,0.987144524783721,578,91.93,33.24,77.93,15.0,82.0,13.0,21.0,44.690000000000005
HM000064,Accesorios,Temporada,TIENDA006,1.5835616438356164,0.987144524783721,578,91.93,33.24,77.93,15.0,95.0,23.0,31.0,44.690000000000005
HM000065,Camisetas,Basico,TIENDA001,1.4821917808219178,0.8534581344711036,541,23.15,35.31,61.13999999999999,10.0,61.0,21.0,20.0,25.83
HM000065,Camisetas,Basico,TIENDA002,1.4821917808219178,0.8534581344711036,541,23.15,35.31,61.13999999999999,10.0,54.0,21.0,37.0,25.83
HM000065,Camisetas,Basico,TIENDA003,1.4821917808219178,0.8534581344711036,541,23.15,35.31,61.13999999999999,10.0,82.0,14.0,2.0,25.83
HM000065,Camisetas,Basico,TIENDA004,1.4821917808219178,0.8534581344711036,541,23.15,35.31,61.13999999999999,10.0,57.0,18.0,33.0,25.83
HM000065,Camisetas,Basico,TIENDA005,1.4821917808219178,0.8534581344711036,541,23.15,35.31,61.13999999999999,10.0,21.0,35.0,18.0,25.83
HM000065,Camisetas,Basico,TIENDA006,1.4821917808219178,0.8534581344711036,541,23.15,35.31,61.13999999999999,10.0,62.0,24.0,14.0,25.83
HM000066,Abrigos,Basico,TIENDA001,1.4493150684931506,0.785011249249424,529,31.92,35.74,84.57,19.0,3.0,28.0,44.0,48.82999999999999
HM000066,Abrigos,Basico,TIENDA002,1.4493150684931506,0.785011249249424,529,31.92,35.74,84.57,19.0,46.0,18.0,29.0,48.82999999999999
HM000066,Abrigos,Basico,TIENDA003,1.4493150684931506,0.785011249249424,529,31.92,35.74,84.57,19.0,46.0,21.0,10.0,48.82999999999999
HM000066,Abrigos,Basico,TIENDA004,1.4493150684931506,0.785011249249424,529,31.92,35.74,84.57,19.0,10.0,26.0,8.0,48.82999999999999
HM000066,Abrigos,Basico,TIENDA005,1.4493150684931506,0.785011249249424,529,31.92,35.74,84.57,19.0,31.0,25.0,15.0,48.82999999999999
HM000066,Abrigos,Basico,TIENDA006,1.4493150684931506,0.785011249249424,529,31.92,35.74,84.57,19.0,32.0,13.0,5.0,48.82999999999999
HM000067,Camisetas,Basico,TIENDA001,1.6602739726027398,1.109244338122074,606,64.63,37.73,25.27,14.0,48.0,20.0,38.0,-12.459999999999997
HM000067,Camisetas,Basico,TIENDA002,1.6602739726027398,1.109244338122074,606,64.63,37.73,25.27,14.0,17.0,21.0,49.0,-12.459999999999997
HM000067,Camisetas,Basico,TIENDA003,1.6602739726027398,1.109244338122074,606,64.63,37.73,25.27,14.0,40.0,24.0,4.0,-12.459999999999997
HM000067,Camisetas,Basico,TIENDA004,1.6602739726027398,1.109244338122074,606,64.63,37.73,25.27,14.0,18.0,15.0,46.0,-12.459999999999997
HM000067,Camisetas,Basico,TIENDA005,1.6602739726027398,1.109244338122074,606,64.63,37.73,25.27,14.0,41.0,26.0,36.0,-12.459999999999997
HM000067,Camisetas,Basico,TIENDA006,1.6602739726027398,1.109244338122074,606,64.63,37.73,25.27,14.0,5.0,23.0,41.0,-12.459999999999997
HM000068,Vestidos,Temporada,TIENDA001,1.441095890410959,0.7631332924846413,526,77.97,42.87,86.29,16.0,83.0,19.0,31.0,43.42000000000001
HM000068,Vestidos,Temporada,TIENDA002,1.441095890410959,0.7631332924846413,526,77.97,42.87,86.29,16.0,43.0,30.0,14.0,43.42000000000001
HM000068,Vestidos,Temporada,TIENDA003,1.441095890410959,0.7631332924846413,526,77.97,42.87,86.29,16.0,7.0,23.0,22.0,43.42000000000001
HM000068,Vestidos,Temporada,TIENDA004,1.441095890410959,0.7631332924846413,526,77.97,42.87,86.29,16.0,73.0,22.0,18.0,43.42000000000001
HM000068,Vestidos,Temporada,TIENDA005,1.441095890410959,0.7631332924846413,526,77.97,42.87,86.29,16.0,52.0,22.0,15.0,43.42000000000001
HM000068,Vestidos,Temporada,TIENDA006,1.441095890410959,0.7631332924846413,526,77.97,42.87,86.29,16.0,7.0,21.0,4.0,43.42000000000001
HM000069,Accesorios,Temporada,TIENDA001,1.4246575342465753,0.7544339304882342,520,30.260000000000005,35.04,84.37,16.0,78.0,25.0,42.0,49.330000000000005
HM000069,Accesorios,Temporada,TIENDA002,1.4246575342465753,0.7544339304882342,520,30.260000000000005,35.04,84.37,16.0,61.0,21.0,45.0,49.330000000000005
HM000069,Accesorios,Temporada,TIENDA003,1.4246575342465753,0.7544339304882342,520,30.260000000000005,35.04,84.37,16.0,35.0,18.0,8.0,49.330000000000005
HM000069,Accesorios,Temporada,TIENDA004,1.4246575342465753,0.7544339304882342,520,30.260000000000005,35.04,84.37,16.0,91.0,21.0,4.0,49.330000000000005
HM000069,Accesorios,Temporada,TIENDA005,1.4246575342465753,0.7544339304882342,520,30.260000000000005,35.04,84.37,16.0,36.0,22.0,7.0,49.330000000000005
HM000069,Accesorios,Temporada,TIENDA006,1.4246575342465753,0.7544339304882342,520,30.260000000000005,35.04,84.37,16.0,74.0,23.0,25.0,49.330000000000005
HM000070,Pantalones,Premium,TIENDA001,1.5452054794520549,0.9025362760799273,564,87.5,14.68,42.08,10.0,46.0,18.0,39.0,27.4
HM000070,Pantalones,Premium,TIENDA002,1.5452054794520549,0.9025362760799273,564,87.5,14.68,42.08,10.0,95.0,31.0,30.0,27.4
HM000070,Pantalones,Premium,TIENDA003,1.5452054794520549,0.9025362760799273,564,87.5,14.68,42.08,10.0,9.0,17.0,34.0,27.4
HM000070,Pantalones,Premium,TIENDA004,1.5452054794520549,0.9025362760799273,564,87.5,14.68,42.08,10.0,52.0,30.0,43.0,27.4
HM000070,Pantalones,Premium,TIENDA005,1.5452054794520549,0.9025362760799273,564,87.5,14.68,42.08,10.0,1.0,18.0,19.0,27.4
HM000070,Pantalones,Premium,TIENDA006,1.5452054794520549,0.9025362760799273,564,87.5,14.68,42.08,10.0,74.0,21.0,27.0,27.4
HM000071,Abrigos,Basico,TIENDA001,1.5232876712328767,0.8755721124846144,556,62.87,37.92,47.47999999999999,10.0,62.0,17.0,26.0,9.559999999999995
HM000071,Abrigos,Basico,TIENDA002,1.5232876712328767,0.8755721124846144,556,62.87,37.92,47.47999999999999,10.0,98.0,22.0,24.0,9.559999999999995
HM000071,Abrigos,Basico,TIENDA003,1.5232876712328767,0.8755721124846144,556,62.87,37.92,47.47999999999999,10.0,34.0,16.0,28.0,9.559999999999995
HM000071,Abrigos,Basico,TIENDA004,1.5232876712328767,0.8755721124846144,556,62.87,37.92,47.47999999999999,10.0,37.0,22.0,12.0,9.559999999999995
HM000071,Abrigos,Basico,TIENDA005,1.5232876712328767,0.8755721124846144,556,62.87,37.92,47.47999999999999,10.0,52.0,15.0,20.0,9.559999999999995
HM000071,Abrigos,Basico,TIENDA006,1.5232876712328767,0.8755721124846144,556,62.87,37.92,47.47999999999999,10.0,7.0,18.0,23.0,9.559999999999995
HM000072,Pantalones,Temporada,TIENDA001,1.536986301369863,0.875099185793626,561,94.23000000000002,26.81,65.24,8.0,20.0,12.0,49.0,38.42999999999999
HM000072,Pantalones,Temporada,TIENDA002,1.536986301369863,0.875099185793626,561,94.23000000000002,26.81,65.24,8.0,73.0,19.0,12.0,38.42999999999999
HM000072,Pantalones,Temporada,TIENDA003,1.536986301369863,0.875099185793626,561,94.23000000000002,26.81,65.24,8.0,36.0,12.0,26.0,38.42999999999999
HM000072,Pantalones,Temporada,TIENDA004,1.536986301369863,0.875099185793626,561,94.23000000000002,26.81,65.24,8.0,14.0,27.0,31.0,38.42999999999999
HM000072,Pantalones,Temporada,TIENDA005,1.536986301369863,0.875099185793626,561,94.23000000000002,26.81,65.24,8.0,2.0,18.0,40.0,38.42999999999999
HM000072,Pantalones,Temporada,TIENDA006,1.536986301369863,0.875099185793626,561,94.23000000000002,26.81,65.24,8.0,51.0,23.0,40.0,38.42999999999999
HM000073,Accesorios,Temporada,TIENDA001,1.4712328767123288,0.8135999658374243,537,61.29,29.11,18.84,10.0,3.0,17.0,8.0,-10.27
HM000073,Accesorios,Temporada,TIENDA002,1.4712328767123288,0.8135999658374243,537,61.29,29.11,18.84,10.0,59.0,18.0,21.0,-10.27
HM000073,Accesorios,Temporada,TIENDA003,1.4712328767123288,0.8135999658374243,537,61.29,29.11,18.84,10.0,39.0,11.0,13.0,-10.27
HM000073,Accesorios,Temporada,TIENDA004,1.4712328767123288,0.8135999658374243,537,61.29,29.11,18.84,10.0,33.0,20.0,23.0,-10.27
HM000073,Accesorios,Temporada,TIENDA005,1.4712328767123288,0.8135999658374243,537,61.29,29.11,18.84,10.0,2.0,20.0,1.0,-10.27
HM000073,Accesorios,Temporada,TIENDA006,1.4712328767123288,0.8135999658374243,537,61.29,29.11,18.84,10.0,87.0,13.0,22.0,-10.27
HM000074,Abrigos,Premium,TIENDA001,1.663013698630137,1.219744484289513,607,40.0,34.97,27.9,17.0,82.0,18.0,10.0,-7.07
HM000074,Abrigos,Premium,TIENDA002,1.663013698630137,1.219744484289513,607,40.0,34.97,27.9,17.0,37.0,21.0,9.0,-7.07
HM000074,Abrigos,Premium,TIENDA003,1.663013698630137,1.219744484289513,607,40.0,34.97,27.9,17.0,52.0,16.0,5.0,-7.07
HM000074,Abrigos,Premium,TIENDA004,1.663013698630137,1.219744484289513,607,40.0,34.97,27.9,17.0,95.0,21.0,30.0,-7.07
HM000074,Abrigos,Premium,TIENDA005,1.663013698630137,1.219744484289513,607,40.0,34.97,27.9,17.0,56.0,24.0,35.0,-7.07
HM000074,Abrigos,Premium,TIENDA006,1.663013698630137,1.219744484289513,607,40.0,34.97,27.9,17.0,41.0,18.0,41.0,-7.07
HM000075,Vestidos,Basico,TIENDA001,1.5917808219178082,0.9020357660633883,581,43.47,29.989999999999995,55.7,19.0,54.0,21.0,45.0,25.710000000000004
HM000075,Vestidos,Basico,TIENDA002,1.5917808219178082,0.9020357660633883,581,43.47,29.989999999999995,55.7,19.0,31.0,19.0,49.0,25.710000000000004
HM000075,Vestidos,Basico,TIENDA003,1.5917808219178082,0.9020357660633883,581,43.47,29.989999999999995,55.7,19.0,45.0,15.0,43.0,25.710000000000004
HM000075,Vestidos,Basico,TIENDA004,1.5917808219178082,0.9020357660633883,581,43.47,29.989999999999995,55.7,19.0,55.0,23.0,12.0,25.710000000000004
HM000075,Vestidos,Basico,TIENDA005,1.5917808219178082,0.9020357660633883,581,43.47,29.989999999999995,55.7,19.0,15.0,14.0,34.0,25.710000000000004
HM000075,Vestidos,Basico,TIENDA006,1.5917808219178082,0.9020357660633883,581,43.47,29.989999999999995,55.7,19.0,5.0,25.0,23.0,25.710000000000004
HM000076,Camisetas,Temporada,TIENDA001,1.5780821917808219,0.9986593451880611,576,44.01,35.97,73.91,11.0,82.0,26.0,12.0,37.94
HM000076,Camisetas,Temporada,TIENDA002,1.5780821917808219,0.9986593451880611,576,44.01,35.97,73.91,11.0,50.0,22.0,11.0,37.94
HM000076,Camisetas,Temporada,TIENDA003,1.5780821917808219,0.9986593451880611,576,44.01,35.97,73.91,11.0,55.0,26.0,46.0,37.94
HM000076,Camisetas,Temporada,TIENDA004,1.5780821917808219,0.9986593451880611,576,44.01,35.97,73.91,11.0,53.0,29.0,0.0,37.94
HM000076,Camisetas,Temporada,TIENDA005,1.5780821917808219,0.9986593451880611,576,44.01,35.97,73.91,11.0,91.0,23.0,46.0,37.94
HM000076,Camisetas,Temporada,TIENDA006,1.5780821917808219,0.9986593451880611,576,44.01,35.97,73.91,11.0,97.0,16.0,47.0,37.94
HM000077,Abrigos,Basico,TIENDA001,1.5013698630136987,0.8471823289822662,548,72.9,16.8,43.84,20.0,29.0,21.0,24.0,27.040000000000003
HM000077,Abrigos,Basico,TIENDA002,1.5013698630136987,0.8471823289822662,548,72.9,16.8,43.84,20.0,93.0,23.0,34.0,27.040000000000003
HM000077,Abrigos,Basico,TIENDA003,1.5013698630136987,0.8471823289822662,548,72.9,16.8,43.84,20.0,67.0,17.0,27.0,27.040000000000003
HM000077,Abrigos,Basico,TIENDA004,1.5013698630136987,0.8471823289822662,548,72.9,16.8,43.84,20.0,85.0,12.0,24.0,27.040000000000003
HM000077,Abrigos,Basico,TIENDA005,1.5013698630136987,0.8471823289822662,548,72.9,16.8,43.84,20.0,18.0,18.0,27.0,27.040000000000003
HM000077,Abrigos,Basico,TIENDA006,1.5013698630136987,0.8471823289822662,548,72.9,16.8,43.84,20.0,37.0,28.0,4.0,27.040000000000003
HM000078,Pantalones,Temporada,TIENDA001,1.5808219178082192,0.9591459018610003,577,50.419999999999995,16.23,60.27000000000001,17.0,7.0,21.0,35.0,44.040000000000006
HM000078,Pantalones,Temporada,TIENDA002,1.5808219178082192,0.9591459018610003,577,50.419999999999995,16.23,60.27000000000001,17.0,0.0,24.0,25.0,44.040000000000006
HM000078,Pantalones,Temporada,TIENDA003,1.5808219178082192,0.9591459018610003,577,50.419999999999995,16.23,60.27000000000001,17.0,36.0,19.0,19.0,44.040000000000006
HM000078,Pantalones,Temporada,TIENDA004,1.5808219178082192,0.9591459018610003,577,50.419999999999995,16.23,60.27000000000001,17.0,41.0,20.0,18.0,44.040000000000006
HM000078,Pantalones,Temporada,TIENDA005,1.5808219178082192,0.9591459018610003,577,50.419999999999995,16.23,60.27000000000001,17.0,21.0,23.0,15.0,44.040000000000006
HM000078,Pantalones,Temporada,TIENDA006,1.5808219178082192,0.9591459018610003,577,50.419999999999995,16.23,60.27000000000001,17.0,92.0,15.0,13.0,44.040000000000006
HM000079,Abrigos,Temporada,TIENDA001,1.4904109589041097,0.900574356346073,544,23.6,37.58,62.52000000000001,16.0,18.0,19.0,13.0,24.940000000000005
HM000079,Abrigos,Temporada,TIENDA002,1.4904109589041097,0.900574356346073,544,23.6,37.58,62.52000000000001,16.0,38.0,21.0,25.0,24.940000000000005
HM000079,Abrigos,Temporada,TIENDA003,1.4904109589041097,0.900574356346073,544,23.6,37.58,62.52000000000001,16.0,80.0,28.0,34.0,24.940000000000005
HM000079,Abrigos,Temporada,TIENDA004,1.4904109589041097,0.900574356346073,544,23.6,37.58,62.52000000000001,16.0,41.0,19.0,26.0,24.940000000000005
HM000079,Abrigos,Temporada,TIENDA005,1.4904109589041097,0.900574356346073,544,23.6,37.58,62.52000000000001,16.0,56.0,16.0,7.0,24.940000000000005
HM000079,Abrigos,Temporada,TIENDA006,1.4904109589041097,0.900574356346073,544,23.6,37.58,62.52000000000001,16.0,21.0,15.0,24.0,24.940000000000005
HM000080,Abrigos,Temporada,TIENDA001,1.6767123287671233,1.2019353153072547,612,69.99,48.27000000000001,66.44,14.0,15.0,27.0,23.0,18.169999999999995
HM000080,Abrigos,Temporada,TIENDA002,1.6767123287671233,1.2019353153072547,612,69.99,48.27000000000001,66.44,14.0,67.0,20.0,3.0,18.169999999999995
HM000080,Abrigos,Temporada,TIENDA003,1.6767123287671233,1.2019353153072547,612,69.99,48.27000000000001,66.44,14.0,11.0,25.0,38.0,18.169999999999995
HM000080,Abrigos,Temporada,TIENDA004,1.6767123287671233,1.2019353153072547,612,69.99,48.27000000000001,66.44,14.0,99.0,15.0,3.0,18.169999999999995
HM000080,Abrigos,Temporada,TIENDA005,1.6767123287671233,1.2019353153072547,612,69.99,48.27000000000001,66.44,14.0,67.0,14.0,20.0,18.169999999999995
HM000080,Abrigos,Temporada,TIENDA006,1.6767123287671233,1.2019353153072547,612,69.99,48.27000000000001,66.44,14.0,6.0,13.0,42.0,18.169999999999995
HM000081,Pantalones,Basico,TIENDA001,1.6904109589041096,1.2644944678488041,617,28.86,43.35,45.82,8.0,39.0,30.0,3.0,2.469999999999999
HM000081,Pantalones,Basico,TIENDA002,1.6904109589041096,1.2644944678488041,617,28.86,43.35,45.82,8.0,83.0,23.0,7.0,2.469999999999999
HM000081,Pantalones,Basico,TIENDA003,1.6904109589041096,1.2644944678488041,617,28.86,43.35,45.82,8.0,77.0,17.0,44.0,2.469999999999999
HM000081,Pantalones,Basico,TIENDA004,1.6904109589041096,1.2644944678488041,617,28.86,43.35,45.82,8.0,71.0,17.0,13.0,2.469999999999999
HM000081,Pantalones,Basico,TIENDA005,1.6904109589041096,1.2644944678488041,617,28.86,43.35,45.82,8.0,78.0,25.0,11.0,2.469999999999999
HM000081,Pantalones,Basico,TIENDA006,1.6904109589041096,1.2644944678488041,617,28.86,43.35,45.82,8.0,3.0,27.0,37.0,2.469999999999999
HM000082,Camisetas,Basico,TIENDA001,1.5068493150684932,0.8503924057252562,550,52.36000000000001,20.76,15.22,12.0,42.0,22.0,1.0,-5.540000000000001
HM000082,Camisetas,Basico,TIENDA002,1.5068493150684932,0.8503924057252562,550,52.36000000000001,20.76,15.22,12.0,61.0,18.0,49.0,-5.540000000000001
HM000082,Camisetas,Basico,TIENDA003,1.5068493150684932,0.8503924057252562,550,52.36000000000001,20.76,15.22,12.0,32.0,13.0,36.0,-5.540000000000001
HM000082,Camisetas,Basico,TIENDA004,1.5068493150684932,0.8503924057252562,550,52.36000000000001,20.76,15.22,12.0,41.0,27.0,29.0,-5.540000000000001
HM000082,Camisetas,Basico,TIENDA005,1.5068493150684932,0.8503924057252562,550,52.36000000000001,20.76,15.22,12.0,72.0,21.0,21.0,-5.540000000000001
HM000082,Camisetas,Basico,TIENDA006,1.5068493150684932,0.8503924057252562,550,52.36000000000001,20.76,15.22,12.0,2.0,13.0,25.0,-5.540000000000001
HM000083,Abrigos,Temporada,TIENDA001,1.5726027397260274,1.0235228264997807,574,68.13,46.169999999999995,53.169999999999995,9.0,93.0,20.0,14.0,7.0
HM000083,Abrigos,Temporada,TIENDA002,1.5726027397260274,1.0235228264997807,574,68.13,46.169999999999995,53.169999999999995,9.0,50.0,15.0,9.0,7.0
HM000083,Abrigos,Temporada,TIENDA003,1.5726027397260274,1.0235228264997807,574,68.13,46.169999999999995,53.169999999999995,9.0,22.0,22.0,10.0,7.0
HM000083,Abrigos,Temporada,TIENDA004,1.5726027397260274,1.0235228264997807,574,68.13,46.169999999999995,53.169999999999995,9.0,74.0,23.0,15.0,7.0
HM000083,Abrigos,Temporada,TIENDA005,1.5726027397260274,1.0235228264997807,574,68.13,46.169999999999995,53.169999999999995,9.0,11.0,25.0,35.0,7.0
HM000083,Abrigos,Temporada,TIENDA006,1.5726027397260274,1.0235228264997807,574,68.13,46.169999999999995,53.169999999999995,9.0,82.0,25.0,37.0,7.0
HM000084,Accesorios,Basico,TIENDA001,1.5315068493150685,0.8626684757144074,559,93.95,44.38,48.15,17.0,18.0,16.0,16.0,3.769999999999996
HM000084,Accesorios,Basico,TIENDA002,1.5315068493150685,0.8626684757144074,559,93.95,44.38,48.15,17.0,42.0,21.0,19.0,3.769999999999996
HM000084,Accesorios,Basico,TIENDA003,1.5315068493150685,0.8626684757144074,559,93.95,44.38,48.15,17.0,21.0,16.0,0.0,3.769999999999996
HM000084,Accesorios,Basico,TIENDA004,1.5315068493150685,0.8626684757144074,559,93.95,44.38,48.15,17.0,90.0,21.0,7.0,3.769999999999996
HM000084,Accesorios,Basico,TIENDA005,1.5315068493150685,0.8626684757144074,559,93.95,44.38,48.15,17.0,1.0,10.0,48.0,3.769999999999996
HM000084,Accesorios,Basico,TIENDA006,1.5315068493150685,0.8626684757144074,559,93.95,44.38,48.15,17.0,92.0,19.0,37.0,3.769999999999996
HM000085,Abrigos,Premium,TIENDA001,1.4602739726027398,0.7856438050853995,533,57.69,6.38,83.81,14.0,71.0,14.0,49.0,77.43
HM000085,Abrigos,Premium,TIENDA002,1.4602739726027398,0.7856438050853995,533,57.69,6.38,83.81,14.0,22.0,20.0,4.0,77.43
HM000085,Abrigos,Premium,TIENDA003,1.4602739726027398,0.7856438050853995,533,57.69,6.38,83.81,14.0,96.0,31.0,46.0,77.43
HM000085,Abrigos,Premium,TIENDA004,1.4602739726027398,0.7856438050853995,533,57.69,6.38,83.81,14.0,82.0,18.0,31.0,77.43
HM000085,Abrigos,Premium,TIENDA005,1.4602739726027398,0.7856438050853995,533,57.69,6.38,83.81,14.0,23.0,18.0,35.0,77.43
HM000085,Abrigos,Premium,TIENDA006,1.4602739726027398,0.7856438050853995,533,57.69,6.38,83.81,14.0,22.0,21.0,12.0,77.43
HM000086,Abrigos,Basico,TIENDA001,1.526027397260274,0.8402686967653927,557,74.49,29.430000000000003,71.0,16.0,4.0,21.0,21.0,41.57
HM000086,Abrigos,Basico,TIENDA002,1.526027397260274,0.8402686967653927,557,74.49,29.430000000000003,71.0,16.0,29.0,17.0,4.0,41.57
HM000086,Abrigos,Basico,TIENDA003,1.526027397260274,0.8402686967653927,557,74.49,29.430000000000003,71.0,16.0,69.0,19.0,10.0,41.57
HM000086,Abrigos,Basico,TIENDA004,1.526027397260274,0.8402686967653927,557,74.49,29.430000000000003,71.0,16.0,58.0,19.0,14.0,41.57
HM000086,Abrigos,Basico,TIENDA005,1.526027397260274,0.8402686967653927,557,74.49,29.430000000000003,71.0,16.0,5.0,22.0,1.0,41.57
HM000086,Abrigos,Basico,TIENDA006,1.526027397260274,0.8402686967653927,557,74.49,29.430000000000003,71.0,16.0,25.0,24.0,32.0,41.57
HM000087,Pantalones,Premium,TIENDA001,1.5232876712328767,0.9622718864756624,556,93.92,15.380000000000003,96.24,18.0,95.0,20.0,48.0,80.86
HM000087,Pantalones,Premium,TIENDA002,1.5232876712328767,0.9622718864756624,556,93.92,15.380000000000003,96.24,18.0,17.0,18.0,40.0,80.86
HM000087,Pantalones,Premium,TIENDA003,1.5232876712328767,0.9622718864756624,556,93.92,15.380000000000003,96.24,18.0,77.0,21.0,29.0,80.86
HM000087,Pantalones,Premium,TIENDA004,1.5232876712328767,0.9622718864756624,556,93.92,15.380000000000003,96.24,18.0,83.0,22.0,41.0,80.86
HM000087,Pantalones,Premium,TIENDA005,1.5232876712328767,0.9622718864756624,556,93.92,15.380000000000003,96.24,18.0,97.0,17.0,35.0,80.86
HM000087,Pantalones,Premium,TIENDA006,1.5232876712328767,0.9622718864756624,556,93.92,15.380000000000003,96.24,18.0,3.0,27.0,12.0,80.86
HM000088,Camisetas,Premium,TIENDA001,1.6493150684931508,1.0178520920194447,602,28.239999999999995,49.34,33.66,19.0,10.0,19.0,39.0,-15.680000000000009
HM000088,Camisetas,Premium,TIENDA002,1.6493150684931508,1.0178520920194447,602,28.239999999999995,49.34,33.66,19.0,72.0,14.0,10.0,-15.680000000000009
HM000088,Camisetas,Premium,TIENDA003,1.6493150684931508,1.0178520920194447,602,28.239999999999995,49.34,33.66,19.0,8.0,17.0,13.0,-15.680000000000009
HM000088,Camisetas,Premium,TIENDA004,1.6493150684931508,1.0178520920194447,602,28.239999999999995,49.34,33.66,19.0,58.0,14.0,31.0,-15.680000000000009
HM000088,Camisetas,Premium,TIENDA005,1.6493150684931508,1.0178520920194447,602,28.239999999999995,49.34,33.66,19.0,73.0,14.0,16.0,-15.680000000000009
HM000088,Camisetas,Premium,TIENDA006,1.6493150684931508,1.0178520920194447,602,28.239999999999995,49.34,33.66,19.0,56.0,15.0,22.0,-15.680000000000009
HM000089,Accesorios,Basico,TIENDA001,1.7232876712328766,1.1567433144779107,629,67.99,24.760000000000005,44.45,15.0,56.0,21.0,16.0,19.69
HM000089,Accesorios,Basico,TIENDA002,1.7232876712328766,1.1567433144779107,629,67.99,24.760000000000005,44.45,15.0,99.0,18.0,43.0,19.69
HM000089,Accesorios,Basico,TIENDA003,1.7232876712328766,1.1567433144779107,629,67.99,24.760000000000005,44.45,15.0,99.0,12.0,19.0,19.69
HM000089,Accesorios,Basico,TIENDA004,1.7232876712328766,1.1567433144779107,629,67.99,24.760000000000005,44.45,15.0,36.0,25.0,45.0,19.69
HM000089,Accesorios,Basico,TIENDA005,1.7232876712328766,1.1567433144779107,629,67.99,24.760000000000005,44.45,15.0,74.0,17.0,39.0,19.69
HM000089,Accesorios,Basico,TIENDA006,1.7232876712328766,1.1567433144779107,629,67.99,24.760000000000005,44.45,15.0,91.0,19.0,46.0,19.69
HM000090,Vestidos,Temporada,TIENDA001,1.5671232876712329,0.8950496938933682,572,66.94,36.08,77.71,14.0,52.0,12.0,18.0,41.63
HM000090,Vestidos,Temporada,TIENDA002,1.5671232876712329,0.8950496938933682,572,66.94,36.08,77.71,14.0,7.0,22.0,17.0,41.63
HM000090,Vestidos,Temporada,TIENDA003,1.5671232876712329,0.8950496938933682,572,66.94,36.08,77.71,14.0,82.0,23.0,49.0,41.63
HM000090,Vestidos,Temporada,TIENDA004,1.5671232876712329,0.8950496938933682,572,66.94,36.08,77.71,14.0,88.0,22.0,49.0,41.63
HM000090,Vestidos,Temporada,TIENDA005,1.5671232876712329,0.8950496938933682,572,66.94,36.08,77.71,14.0,99.0,20.0,40.0,41.63
HM000090,Vestidos,Temporada,TIENDA006,1.5671232876712329,0.8950496938933682,572,66.94,36.08,77.71,14.0,11.0,21.0,23.0,41.63
HM000091,Pantalones,Temporada,TIENDA001,1.4767123287671233,0.8304838633216747,539,43.97,29.4,94.74,18.0,24.0,26.0,20.0,65.34
HM000091,Pantalones,Temporada,TIENDA002,1.4767123287671233,0.8304838633216747,539,43.97,29.4,94.74,18.0,74.0,23.0,14.0,65.34
HM000091,Pantalones,Temporada,TIENDA003,1.4767123287671233,0.8304838633216747,539,43.97,29.4,94.74,18.0,17.0,22.0,10.0,65.34
HM000091,Pantalones,Temporada,TIENDA004,1.4767123287671233,0.8304838633216747,539,43.97,29.4,94.74,18.0,9.0,22.0,17.0,65.34
HM000091,Pantalones,Temporada,TIENDA005,1.4767123287671233,0.8304838633216747,539,43.97,29.4,94.74,18.0,56.0,17.0,7.0,65.34
HM000091,Pantalones,Temporada,TIENDA006,1.4767123287671233,0.8304838633216747,539,43.97,29.4,94.74,18.0,51.0,20.0,28.0,65.34
HM000092,Camisetas,Basico,TIENDA001,1.7917808219178082,1.3323689371927085,654,83.12,14.64,91.45,17.0,63.0,21.0,38.0,76.81
HM000092,Camisetas,Basico,TIENDA002,1.7917808219178082,1.3323689371927085,654,83.12,14.64,91.45,17.0,65.0,18.0,36.0,76.81
HM000092,Camisetas,Basico,TIENDA003,1.7917808219178082,1.3323689371927085,654,83.12,14.64,91.45,17.0,2.0,27.0,43.0,76.81
HM000092,Camisetas,Basico,TIENDA004,1.7917808219178082,1.3323689371927085,654,83.12,14.64,91.45,17.0,97.0,20.0,27.0,76.81
HM000092,Camisetas,Basico,TIENDA005,1.7917808219178082,1.3323689371927085,654,83.12,14.64,91.45,17.0,80.0,19.0,37.0,76.81
HM000092,Camisetas,Basico,TIENDA006,1.7917808219178082,1.3323689371927085,654,83.12,14.64,91.45,17.0,13.0,13.0,43.0,76.81
HM000093,Accesorios,Premium,TIENDA001,1.5561643835616439,0.9551747871477294,568,33.0,45.19,41.98,14.0,96.0,14.0,39.0,-3.210000000000001
HM000093,Accesorios,Premium,TIENDA002,1.5561643835616439,0.9551747871477294,568,33.0,45.19,41.98,14.0,17.0,24.0,27.0,-3.210000000000001
HM000093,Accesorios,Premium,TIENDA003,1.5561643835616439,0.9551747871477294,568,33.0,45.19,41.98,14.0,81.0,24.0,23.0,-3.210000000000001
HM000093,Accesorios,Premium,TIENDA004,1.5561643835616439,0.9551747871477294,568,33.0,45.19,41.98,14.0,89.0,18.0,32.0,-3.210000000000001
HM000093,Accesorios,Premium,TIENDA005,1.5561643835616439,0.9551747871477294,568,33.0,45.19,41.98,14.0,47.0,19.0,45.0,-3.210000000000001
HM000093,Accesorios,Premium,TIENDA006,1.5561643835616439,0.9551747871477294,568,33.0,45.19,41.98,14.0,45.0,22.0,31.0,-3.210000000000001
HM000094,Abrigos,Basico,TIENDA001,1.5287671232876712,0.8691096005782301,558,89.82,43.5,73.45,13.0,68.0,20.0,19.0,29.950000000000006
HM000094,Abrigos,Basico,TIENDA002,1.5287671232876712,0.8691096005782301,558,89.82,43.5,73.45,13.0,80.0,19.0,30.0,29.950000000000006
HM000094,Abrigos,Basico,TIENDA003,1.5287671232876712,0.8691096005782301,558,89.82,43.5,73.45,13.0,90.0,19.0,12.0,29.950000000000006
HM000094,Abrigos,Basico,TIENDA004,1.5287671232876712,0.8691096005782301,558,89.82,43.5,73.45,13.0,73.0,25.0,34.0,29.950000000000006
HM000094,Abrigos,Basico,TIENDA005,1.5287671232876712,0.8691096005782301,558,89.82,43.5,73.45,13.0,19.0,18.0,22.0,29.950000000000006
HM000094,Abrigos,Basico,TIENDA006,1.5287671232876712,0.8691096005782301,558,89.82,43.5,73.45,13.0,39.0,20.0,17.0,29.950000000000006
HM000095,Vestidos,Temporada,TIENDA001,1.7397260273972603,1.381067007273345,635,73.06,49.45,76.75,7.0,69.0,27.0,38.0,27.3
HM000095,Vestidos,Temporada,TIENDA002,1.7397260273972603,1.381067007273345,635,73.06,49.45,76.75,7.0,48.0,14.0,21.0,27.3
HM000095,Vestidos,Temporada,TIENDA003,1.7397260273972603,1.381067007273345,635,73.06,49.45,76.75,7.0,83.0,21.0,49.0,27.3
HM000095,Vestidos,Temporada,TIENDA004,1.7397260273972603,1.381067007273345,635,73.06,49.45,76.75,7.0,42.0,26.0,4.0,27.3
HM000095,Vestidos,Temporada,TIENDA005,1.7397260273972603,1.381067007273345,635,73.06,49.45,76.75,7.0,39.0,32.0,32.0,27.3
HM000095,Vestidos,Temporada,TIENDA006,1.7397260273972603,1.381067007273345,635,73.06,49.45,76.75,7.0,87.0,15.0,43.0,27.3
HM000096,Abrigos,Premium,TIENDA001,1.4794520547945205,0.8404209607327144,540,64.6,24.2,89.59,11.0,50.0,26.0,25.0,65.39
HM000096,Abrigos,Premium,TIENDA002,1.4794520547945205,0.8404209607327144,540,64.6,24.2,89.59,11.0,16.0,22.0,2.0,65.39
HM000096,Abrigos,Premium,TIENDA003,1.4794520547945205,0.8404209607327144,540,64.6,24.2,89.59,11.0,87.0,20.0,4.0,65.39
HM000096,Abrigos,Premium,TIENDA004,1.4794520547945205,0.8404209607327144,540,64.6,24.2,89.59,11.0,8.0,28.0,18.0,65.39
HM000096,Abrigos,Premium,TIENDA005,1.4794520547945205,0.8404209607327144,540,64.6,24.2,89.59,11.0,74.0,25.0,15.0,65.39
HM000096,Abrigos,Premium,TIENDA006,1.4794520547945205,0.8404209607327144,540,64.6,24.2,89.59,11.0,45.0,26.0,6.0,65.39
HM000097,Accesorios,Premium,TIENDA001,1.4986301369863013,0.9276718392820593,547,98.97000000000001,49.12,49.00999999999999,14.0,41.0,21.0,35.0,-0.10999999999999942
HM000097,Accesorios,Premium,TIENDA002,1.4986301369863013,0.9276718392820593,547,98.97000000000001,49.12,49.00999999999999,14.0,50.0,20.0,3.0,-0.10999999999999942
HM000097,Accesorios,Premium,TIENDA003,1.4986301369863013,0.9276718392820593,547,98.97000000000001,49.12,49.00999999999999,14.0,97.0,19.0,12.0,-0.10999999999999942
HM000097,Accesorios,Premium,TIENDA004,1.4986301369863013,0.9276718392820593,547,98.97000000000001,49.12,49.00999999999999,14.0,24.0,30.0,46.0,-0.10999999999999942
HM000097,Accesorios,Premium,TIENDA005,1.4986301369863013,0.9276718392820593,547,98.97000000000001,49.12,49.00999999999999,14.0,73.0,20.0,49.0,-0.10999999999999942
HM000097,Accesorios,Premium,TIENDA006,1.4986301369863013,0.9276718392820593,547,98.97000000000001,49.12,49.00999999999999,14.0,76.0,18.0,39.0,-0.10999999999999942
HM000098,Abrigos,Basico,TIENDA001,1.5205479452054795,0.8469335288131586,555,55.9,7.829999999999999,21.5,11.0,0.0,25.0,37.0,13.67
HM000098,Abrigos,Basico,TIENDA002,1.5205479452054795,0.8469335288131586,555,55.9,7.829999999999999,21.5,11.0,6.0,22.0,7.0,13.67
HM000098,Abrigos,Basico,TIENDA003,1.5205479452054795,0.8469335288131586,555,55.9,7.829999999999999,21.5,11.0,61.0,13.0,37.0,13.67
HM000098,Abrigos,Basico,TIENDA004,1.5205479452054795,0.8469335288131586,555,55.9,7.829999999999999,21.5,11.0,94.0,14.0,10.0,13.67
HM000098,Abrigos,Basico,TIENDA005,1.5205479452054795,0.8469335288131586,555,55.9,7.829999999999999,21.5,11.0,12.0,17.0,44.0,13.67
HM000098,Abrigos,Basico,TIENDA006,1.5205479452054795,0.8469335288131586,555,55.9,7.829999999999999,21.5,11.0,17.0,19.0,40.0,13.67
HM000099,Camisetas,Basico,TIENDA001,1.4493150684931506,0.7528559702875389,529,82.99,17.3,82.09,19.0,47.0,23.0,21.0,64.79
HM000099,Camisetas,Basico,TIENDA002,1.4493150684931506,0.7528559702875389,529,82.99,17.3,82.09,19.0,68.0,22.0,14.0,64.79
HM000099,Camisetas,Basico,TIENDA003,1.4493150684931506,0.7528559702875389,529,82.99,17.3,82.09,19.0,32.0,13.0,40.0,64.79
HM000099,Camisetas,Basico,TIENDA004,1.4493150684931506,0.7528559702875389,529,82.99,17.3,82.09,19.0,45.0,20.0,43.0,64.79
HM000099,Camisetas,Basico,TIENDA005,1.4493150684931506,0.7528559702875389,529,82.99,17.3,82.09,19.0,34.0,18.0,41.0,64.79
HM000099,Camisetas,Basico,TIENDA006,1.4493150684931506,0.7528559702875389,529,82.99,17.3,82.09,19.0,36.0,17.0,1.0,64.79
HM000100,Accesorios,Basico,TIENDA001,1.7397260273972603,1.2734330735710733,635,28.23,22.83,32.95,8.0,68.0,24.0,45.0,10.120000000000005
HM000100,Accesorios,Basico,TIENDA002,1.7397260273972603,1.2734330735710733,635,28.23,22.83,32.95,8.0,19.0,18.0,6.0,10.120000000000005
HM000100,Accesorios,Basico,TIENDA003,1.7397260273972603,1.2734330735710733,635,28.23,22.83,32.95,8.0,15.0,16.0,19.0,10.120000000000005
HM000100,Accesorios,Basico,TIENDA004,1.7397260273972603,1.2734330735710733,635,28.23,22.83,32.95,8.0,90.0,14.0,30.0,10.120000000000005
HM000100,Accesorios,Basico,TIENDA005,1.7397260273972603,1.2734330735710733,635,28.23,22.83,32.95,8.0,36.0,17.0,8.0,10.120000000000005
HM000100,Accesorios,Basico,TIENDA006,1.7397260273972603,1.2734330735710733,635,28.23,22.83,32.95,8.0,12.0,28.0,41.0,10.120000000000005
